,id,location
0,1,US
1,3,US
2,4,US
3,6,US
4,7,US
5,7,BR
6,8,US
7,14,US
8,18,NL
9,20,GB
10,21,PK
11,22,CZ
12,27,CZ
13,28,NL
14,31,DE
15,32,US
16,33,NL
17,34,RU
18,37,US
19,38,US
20,39,US
21,41,US
22,42,NO
23,44,US
24,46,GB
25,47,US
26,49,IT
27,51,NL
28,52,BR
29,59,GB
30,60,CU
31,63,GB
32,64,US
33,65,NL
34,70,US
35,73,RU
36,74,KW
37,75,CZ
38,77,AU
39,78,IT
40,81,US
41,85,US
42,86,CA
43,87,TR
44,89,US
45,90,US
46,92,US
47,93,CA
48,94,US
49,98,GB
50,100,US
51,102,US
52,103,GB
53,104,US
54,107,BR
55,108,GB
56,110,SE
57,111,FR
58,112,GB
59,114,GB
60,115,NO
61,116,GB
62,117,ZA
63,118,PL
64,119,US
65,120,US
66,121,NO
67,122,IT
68,130,US
69,133,US
70,135,US
71,136,US
72,138,CA
73,139,US
74,140,AU
75,140,CA
76,141,CA
77,146,US
78,148,US
79,150,IN
80,151,BR
81,153,TH
82,154,US
83,157,CA
84,158,IN
85,162,CN
86,163,IN
87,166,US
88,168,FR
89,168,DE
90,169,FR
91,171,GR
92,172,IL
93,173,GB
94,175,FR
95,176,IT
96,179,DE
97,180,SI
98,183,IT
99,185,BE
100,187,IN
101,188,JP
102,197,US
103,200,CY
104,201,US
105,203,QA
106,207,US
107,210,US
108,212,US
109,214,BR
110,219,US
111,220,US
112,221,CZ
113,222,US
114,225,GB
115,228,GB
116,229,IN
117,230,FR
118,232,CZ
119,234,DE
120,235,DE
121,237,GB
122,241,US
123,242,CA
124,244,GB
125,245,DE
126,246,DK
127,248,DE
128,249,ID
129,254,US
130,254,GB
131,259,AU
132,260,US
133,261,US
134,262,US
135,263,US
136,266,US
137,268,IN
138,269,NO
139,270,US
140,272,IN
141,273,GB
142,274,IN
143,276,US
144,279,MX
145,282,US
146,283,CZ
147,284,HR
148,286,IN
149,287,AT
150,289,GB
151,290,DE
152,292,US
153,294,GB
154,295,DE
155,296,DE
156,297,DE
157,298,US
158,299,CU
159,300,US
160,301,US
161,307,ES
162,310,BR
163,311,MX
164,312,US
165,314,AQ
166,322,JP
167,324,RO
168,325,GB
169,328,GB
170,329,US
171,330,HK
172,331,US
173,334,HR
174,336,US
175,339,US
176,340,ES
177,342,NL
178,343,US
179,344,RO
180,345,ES
181,347,AT
182,348,US
183,351,AU
184,352,DE
185,355,US
186,357,US
187,359,GB
188,364,GB
189,365,US
190,367,BG
191,369,TH
192,372,GB
193,374,US
194,376,AR
195,377,NL
196,379,HU
197,380,US
198,383,US
199,389,US
200,390,PL
201,391,GB
202,392,NL
203,394,US
204,398,MX
205,401,RU
206,403,IT
207,404,HU
208,405,CY
209,406,MA
210,407,NO
211,408,BE
212,409,GB
213,411,US
214,417,US
215,419,IN
216,420,IN
217,422,IN
218,423,IN
219,425,PT
220,426,CA
221,429,CA
222,435,GB
223,436,US
224,438,US
225,439,HK
226,441,HR
227,446,DE
228,447,GB
229,448,US
230,453,BR
231,456,US
232,457,BE
233,471,ID
234,474,US
235,478,SE
236,479,DE
237,481,AU
238,482,NL
239,487,NL
240,488,RS
241,489,DE
242,504,AT
243,509,RO
244,515,US
245,524,GB
246,525,GB
247,538,GB
248,539,CA
249,550,DE
250,553,IN
251,554,AR
252,562,US
253,566,US
254,567,IE
255,568,IN
256,570,US
257,571,US
258,573,DE
259,582,IN
260,584,NO
261,588,ZA
262,591,FI
263,592,IN
264,593,NZ
265,594,NP
266,595,JP
267,596,IN
268,606,ZA
269,610,IN
270,615,CN
271,620,US
272,621,NL
273,630,UA
274,632,US
275,634,US
276,636,SK
277,645,GB
278,648,US
279,658,NL
280,658,US
281,660,GB
282,661,CA
283,663,US
284,666,US
285,667,US
286,670,NL
287,672,NL
288,674,DE
289,681,US
290,684,CZ
291,685,US
292,692,JP
293,693,US
294,694,TR
295,695,PK
296,696,GR
297,700,US
298,704,US
299,707,IN
300,712,BG
301,714,KR
302,715,IN
303,718,NL
304,718,US
305,719,US
306,721,US
307,723,US
308,729,GB
309,731,US
310,734,US
311,749,GB
312,752,US
313,757,GB
314,760,US
315,764,GB
316,766,IR
317,768,US
318,772,US
319,780,IN
320,786,IN
321,792,US
322,793,US
323,795,GB
324,799,CL
325,801,US
326,803,HR
327,809,US
328,811,CA
329,815,IL
330,817,IN
331,819,BR
332,821,GB
333,823,US
334,825,BD
335,828,NP
336,830,IE
337,833,BE
338,834,FR
339,836,IN
340,837,US
341,843,IN
342,845,US
343,846,PL
344,847,US
345,852,NO
346,853,US
347,858,DE
348,861,GB
349,862,BE
350,863,CZ
351,866,US
352,870,IN
353,873,DE
354,875,BR
355,876,CA
356,884,BD
357,890,US
358,893,CA
359,895,GB
360,899,RS
361,899,FR
362,904,SE
363,905,US
364,906,NL
365,908,AT
366,909,US
367,911,DE
368,913,US
369,915,US
370,916,US
371,918,TN
372,921,US
373,924,US
374,924,BR
375,929,FR
376,934,US
377,936,IN
378,939,IN
379,940,US
380,942,US
381,943,US
382,948,US
383,950,DE
384,951,US
385,952,IN
386,963,PL
387,966,GB
388,968,AT
389,971,US
390,972,TW
391,974,US
392,975,JO
393,978,CH
394,981,US
395,981,GB
396,983,CA
397,984,US
398,985,US
399,988,SG
400,997,CO
401,998,GB
402,1000,AU
403,1000,CA
404,1001,US
405,1006,US
406,1008,PL
407,1011,US
408,1014,GB
409,1016,PL
410,1019,US
411,1025,US
412,1028,US
413,1029,NZ
414,1030,US
415,1032,TW
416,1041,GB
417,1042,CH
418,1043,CA
419,1046,IT
420,1048,US
421,1049,US
422,1052,US
423,1054,US
424,1056,DE
425,1056,US
426,1058,DE
427,1059,FR
428,1060,IN
429,1062,US
430,1063,FR
431,1064,US
432,1065,US
433,1070,IT
434,1072,US
435,1074,FR
436,1078,CA
437,1079,GR
438,1080,ZA
439,1082,NZ
440,1083,US
441,1088,KR
442,1089,SE
443,1093,GB
444,1102,TR
445,1103,US
446,1108,US
447,1111,US
448,1113,IN
449,1114,IN
450,1115,US
451,1117,US
452,1118,US
453,1121,BR
454,1125,BR
455,1129,NO
456,1131,US
457,1132,US
458,1135,FR
459,1138,US
460,1141,US
461,1148,IN
462,1149,US
463,1150,PK
464,1152,PL
465,1155,US
466,1156,US
467,1159,RU
468,1161,US
469,1165,NL
470,1169,DE
471,1170,IN
472,1172,DE
473,1174,US
474,1177,US
475,1179,PT
476,1180,ZA
477,1181,IT
478,1182,CN
479,1189,BR
480,1199,IN
481,1203,SE
482,1205,US
483,1206,GR
484,1207,FI
485,1208,US
486,1209,IL
487,1210,AU
488,1211,BF
489,1215,IN
490,1216,MK
491,1217,EG
492,1222,IN
493,1225,DE
494,1231,CO
495,1246,NL
496,1249,BR
497,1253,US
498,1254,IN
499,1256,US
500,1257,US
501,1260,GB
502,1261,CH
503,1262,US
504,1263,DK
505,1266,US
506,1268,IL
507,1270,IL
508,1273,IN
509,1275,DE
510,1282,US
511,1283,US
512,1284,US
513,1286,CZ
514,1287,GB
515,1289,US
516,1292,AU
517,1294,US
518,1297,NL
519,1298,IN
520,1301,IN
521,1302,US
522,1303,CA
523,1308,US
524,1311,PL
525,1316,ID
526,1317,CZ
527,1322,AU
528,1326,IN
529,1329,US
530,1333,DK
531,1338,US
532,1341,IN
533,1342,US
534,1344,GB
535,1345,DE
536,1348,US
537,1349,US
538,1354,US
539,1357,RU
540,1358,US
541,1361,RU
542,1363,CN
543,1365,US
544,1374,CH
545,1378,US
546,1379,GB
547,1381,US
548,1386,US
549,1390,NL
550,1392,AU
551,1393,GB
552,1395,US
553,1404,CA
554,1408,US
555,1415,AM
556,1416,GB
557,1425,IN
558,1426,PK
559,1427,BG
560,1430,US
561,1431,AU
562,1431,CA
563,1438,NL
564,1439,US
565,1441,US
566,1446,US
567,1449,NO
568,1452,IN
569,1454,IN
570,1455,IN
571,1456,CZ
572,1458,CA
573,1460,US
574,1466,US
575,1472,DK
576,1473,IN
577,1474,IN
578,1475,NL
579,1476,AU
580,1479,US
581,1487,AU
582,1489,IN
583,1491,IN
584,1493,TR
585,1494,IN
586,1495,US
587,1500,CA
588,1501,US
589,1505,US
590,1509,CN
591,1515,US
592,1516,AM
593,1517,US
594,1521,CA
595,1522,MX
596,1523,GB
597,1525,HK
598,1528,GR
599,1532,US
600,1535,US
601,1541,GB
602,1552,AU
603,1552,CA
604,1555,AR
605,1556,CA
606,1558,US
607,1559,BR
608,1561,DE
609,1562,US
610,1563,DK
611,1564,SG
612,1566,US
613,1569,US
614,1570,DE
615,1571,NO
616,1575,US
617,1582,US
618,1584,SG
619,1586,US
620,1590,BE
621,1591,GB
622,1595,US
623,1596,ZA
624,1597,SE
625,1599,IN
626,1601,US
627,1602,CN
628,1607,NP
629,1615,US
630,1617,RU
631,1618,GB
632,1619,BY
633,1625,AU
634,1626,AU
635,1633,US
636,1634,US
637,1635,DE
638,1639,US
639,1641,US
640,1648,DE
641,1651,ES
642,1653,NO
643,1656,US
644,1658,US
645,1659,SG
646,1660,BD
647,1661,IN
648,1666,SE
649,1672,NL
650,1674,PH
651,1674,GB
652,1675,GB
653,1679,CA
654,1682,BD
655,1683,TR
656,1686,US
657,1687,GR
658,1688,ZA
659,1689,US
660,1690,US
661,1693,DE
662,1694,DE
663,1695,CH
664,1702,CA
665,1703,DE
666,1704,US
667,1706,IE
668,1716,CN
669,1718,IN
670,1720,IN
671,1722,ZA
672,1723,AT
673,1727,BR
674,1731,GB
675,1733,US
676,1737,US
677,1738,US
678,1740,IN
679,1743,DE
680,1744,IN
681,1748,BR
682,1753,US
683,1754,CA
684,1758,PT
685,1762,SG
686,1764,DE
687,1765,GB
688,1767,ZA
689,1777,SK
690,1778,NO
691,1781,PL
692,1790,CA
693,1791,US
694,1792,US
695,1794,CN
696,1796,US
697,1799,US
698,1801,US
699,1803,DE
700,1806,ES
701,1807,IT
702,1811,BD
703,1816,MM
704,1819,RU
705,1825,UA
706,1829,FR
707,1832,CZ
708,1835,IN
709,1840,NL
710,1842,US
711,1851,IN
712,1855,US
713,1859,RU
714,1862,SA
715,1865,DE
716,1866,PL
717,1882,NL
718,1887,IN
719,1888,IL
720,1891,FR
721,1892,IN
722,1893,CZ
723,1895,US
724,1896,US
725,1899,US
726,1900,US
727,1903,CH
728,1911,GB
729,1911,ZA
730,1920,US
731,1923,MX
732,1931,DE
733,1935,IN
734,1938,CA
735,1940,PL
736,1949,GB
737,1953,GB
738,1954,DE
739,1959,IN
740,1960,US
741,1961,IN
742,1972,TW
743,1973,GB
744,1977,ID
745,1979,US
746,1981,RU
747,1982,US
748,1982,GE
749,1984,HR
750,1986,IN
751,1993,IN
752,1996,CH
753,1996,US
754,1997,IN
755,1998,GB
756,1999,PE
757,2001,US
758,2003,BR
759,2011,US
760,2016,DZ
761,2020,BY
762,2028,GB
763,2036,IN
764,2041,US
765,2044,US
766,2047,ES
767,2050,FR
768,2057,GR
769,2060,BR
770,2064,MX
771,2067,US
772,2072,DK
773,2073,CA
774,2075,IN
775,2076,PL
776,2079,IN
777,2084,US
778,2085,US
779,2089,US
780,2091,IN
781,2092,ES
782,2094,IN
783,2097,SE
784,2099,CN
785,2100,HR
786,2102,IN
787,2103,GB
788,2107,CZ
789,2110,IT
790,2111,US
791,2116,UA
792,2121,US
793,2123,US
794,2125,PT
795,2127,AU
796,2128,AR
797,2130,US
798,2135,US
799,2136,GB
800,2142,US
801,2146,US
802,2150,DK
803,2152,BE
804,2154,US
805,2157,VN
806,2158,SG
807,2160,DE
808,2161,DE
809,2164,GB
810,2170,IN
811,2173,ES
812,2176,IN
813,2177,RS
814,2181,US
815,2182,CA
816,2185,US
817,2187,AU
818,2192,DE
819,2203,IN
820,2210,IN
821,2211,KE
822,2213,US
823,2217,US
824,2218,US
825,2223,CN
826,2229,ES
827,2231,IN
828,2232,DK
829,2236,US
830,2241,LK
831,2242,GB
832,2244,SE
833,2246,NL
834,2248,IN
835,2250,US
836,2256,CA
837,2257,SG
838,2259,IN
839,2261,BR
840,2262,US
841,2263,US
842,2266,NO
843,2275,US
844,2276,US
845,2278,IN
846,2281,IN
847,2284,US
848,2286,US
849,2288,US
850,2291,FR
851,2292,US
852,2298,CH
853,2301,EE
854,2310,IL
855,2316,IN
856,2320,NP
857,2321,AT
858,2328,US
859,2331,NO
860,2333,SI
861,2335,RU
862,2337,AU
863,2339,FR
864,2341,US
865,2343,CA
866,2343,US
867,2344,US
868,2356,IN
869,2358,BE
870,2368,HK
871,2369,US
872,2372,IN
873,2373,PL
874,2375,EG
875,2383,US
876,2389,US
877,2390,US
878,2391,LK
879,2396,IN
880,2397,IE
881,2404,IN
882,2406,RS
883,2408,GB
884,2410,US
885,2411,US
886,2415,US
887,2418,DE
888,2420,US
889,2421,TR
890,2434,CA
891,2441,US
892,2443,US
893,2444,CA
894,2449,DE
895,2451,US
896,2453,AT
897,2457,NZ
898,2457,GB
899,2460,US
900,2468,CA
901,2473,GE
902,2473,US
903,2475,US
904,2477,US
905,2481,AU
906,2482,NZ
907,2483,SE
908,2491,IR
909,2496,PT
910,2497,US
911,2502,AR
912,2507,US
913,2507,GB
914,2510,US
915,2517,US
916,2521,US
917,2524,US
918,2526,US
919,2527,GB
920,2534,US
921,2538,US
922,2541,US
923,2542,BR
924,2545,RO
925,2549,CZ
926,2552,CA
927,2555,US
928,2557,PH
929,2564,US
930,2569,DZ
931,2571,IN
932,2572,US
933,2578,TH
934,2580,IN
935,2581,US
936,2586,KY
937,2588,IN
938,2590,IN
939,2591,IL
940,2592,IN
941,2593,IN
942,2595,CA
943,2601,TH
944,2602,NZ
945,2604,US
946,2606,US
947,2607,US
948,2609,CA
949,2619,ES
950,2621,BD
951,2624,EE
952,2627,CY
953,2628,AU
954,2629,US
955,2630,US
956,2632,US
957,2634,US
958,2634,IM
959,2638,US
960,2639,PK
961,2640,RU
962,2641,SE
963,2646,IN
964,2648,US
965,2650,US
966,2651,US
967,2654,CA
968,2659,CA
969,2664,LK
970,2666,EG
971,2670,RO
972,2672,FR
973,2673,US
974,2676,PH
975,2681,BD
976,2683,US
977,2685,US
978,2686,US
979,2687,IN
980,2688,US
981,2690,IN
982,2692,IN
983,2694,TR
984,2695,CA
985,2699,BR
986,2707,TW
987,2709,IN
988,2711,MY
989,2719,GB
990,2720,CZ
991,2724,DE
992,2727,TR
993,2729,IN
994,2730,FI
995,2731,GB
996,2733,IN
997,2735,AU
998,2737,ZA
999,2738,US
1000,2738,GB
1001,2741,CA
1002,2743,US
1003,2751,FI
1004,2752,GB
1005,2754,US
1006,2755,US
1007,3756,US
1008,3757,IN
1009,3758,IN
1010,3761,IN
1011,3766,US
1012,3770,US
1013,3771,DE
1014,3772,SE
1015,3775,US
1016,3776,US
1017,3780,GY
1018,3781,PL
1019,3783,DE
1020,3784,US
1021,3786,AT
1022,3787,ZA
1023,3788,FR
1024,3789,IL
1025,3791,FR
1026,3794,US
1027,3795,US
1028,3798,US
1029,3798,DE
1030,3804,US
1031,3807,AU
1032,3807,CA
1033,3813,ES
1034,3814,US
1035,3814,CA
1036,3815,ES
1037,3817,GB
1038,3818,US
1039,3820,US
1040,3822,US
1041,3825,IN
1042,3826,IN
1043,3827,FR
1044,3828,US
1045,3830,ZA
1046,3835,GB
1047,3836,CO
1048,3839,RU
1049,3843,CA
1050,3844,US
1051,3845,US
1052,3850,US
1053,3852,BR
1054,3854,BO
1055,3855,US
1056,3858,US
1057,3863,IN
1058,3866,PK
1059,3867,ES
1060,3878,US
1061,3883,VN
1062,3889,SK
1063,3894,US
1064,3895,GE
1065,3896,US
1066,3897,US
1067,3899,AR
1068,3903,IN
1069,3904,DE
1070,3906,US
1071,3908,DE
1072,3910,US
1073,3913,US
1074,3915,KE
1075,3919,IN
1076,3924,CU
1077,3925,ES
1078,3928,GB
1079,3929,BD
1080,3931,US
1081,3934,VN
1082,3937,SE
1083,3940,KR
1084,3941,US
1085,3944,IN
1086,3945,US
1087,3948,GB
1088,3953,GB
1089,3955,FR
1090,3958,US
1091,3961,US
1092,3962,GB
1093,3965,US
1094,3968,PT
1095,3969,ES
1096,3973,SE
1097,3977,CN
1098,3978,JP
1099,3992,CA
1100,3993,US
1101,3996,US
1102,3997,AU
1103,3998,IN
1104,3999,US
1105,3999,CU
1106,4004,US
1107,4005,BR
1108,4006,GB
1109,4007,KR
1110,4010,US
1111,4011,BR
1112,4021,IN
1113,4022,SG
1114,4025,HK
1115,4028,US
1116,4029,CA
1117,4032,IN
1118,4034,US
1119,4035,CA
1120,4036,RU
1121,4046,IN
1122,4049,IN
1123,4054,TW
1124,4056,FR
1125,4057,GB
1126,4058,KE
1127,4059,TR
1128,4064,ID
1129,4065,US
1130,4066,GB
1131,4067,CA
1132,4071,CA
1133,4074,CL
1134,4077,US
1135,4079,NL
1136,4083,BM
1137,4084,DE
1138,4087,CA
1139,4089,US
1140,4090,US
1141,4091,ZA
1142,4093,AU
1143,4098,US
1144,4108,PK
1145,4109,JO
1146,4111,FR
1147,4112,IN
1148,4115,US
1149,4116,US
1150,4117,US
1151,4119,KR
1152,4122,DE
1153,4123,UA
1154,4125,NO
1155,4132,IN
1156,4136,AU
1157,4139,DE
1158,4141,EG
1159,4144,US
1160,4146,US
1161,4151,PK
1162,4155,US
1163,4158,PT
1164,4160,NZ
1165,4162,US
1166,4176,CH
1167,4177,GB
1168,4178,GB
1169,4184,US
1170,4189,US
1171,4191,AU
1172,4192,IN
1173,4195,CA
1174,4203,IE
1175,4204,IN
1176,4206,US
1177,4210,US
1178,4216,GB
1179,4219,US
1180,4220,IN
1181,4221,NL
1182,4237,TN
1183,4243,US
1184,4247,US
1185,4253,BE
1186,4262,AR
1187,4265,US
1188,4266,GB
1189,4267,US
1190,4270,NZ
1191,4272,US
1192,4276,GE
1193,4276,US
1194,4280,IL
1195,4284,AR
1196,4285,DE
1197,4286,PY
1198,4289,HU
1199,4293,NL
1200,4294,RO
1201,4297,BR
1202,4301,CA
1203,4302,IN
1204,4303,CA
1205,4303,US
1206,4304,US
1207,4305,CA
1208,4307,US
1209,4318,US
1210,4320,CH
1211,4321,IN
1212,4329,CA
1213,4331,US
1214,4333,UA
1215,4340,UA
1216,4344,US
1217,4345,RU
1218,4353,CN
1219,4354,DE
1220,4355,IN
1221,4358,CH
1222,4362,US
1223,4362,CU
1224,4369,US
1225,4372,AR
1226,4373,US
1227,4374,TR
1228,4375,DZ
1229,4381,AU
1230,4383,SE
1231,4384,AU
1232,4386,GR
1233,4388,IT
1234,4390,NO
1235,4394,IN
1236,4395,RU
1237,4396,IN
1238,4400,US
1239,4409,IN
1240,4410,US
1241,4412,ES
1242,4413,US
1243,4415,FR
1244,4417,GB
1245,4423,MY
1246,4431,DE
1247,4432,DE
1248,4436,BD
1249,4438,NP
1250,4446,BE
1251,4447,HK
1252,4451,DK
1253,4453,CD
1254,4455,CA
1255,4456,US
1256,4457,MM
1257,4460,VN
1258,4465,CH
1259,4468,IN
1260,4468,PH
1261,4469,AU
1262,4472,US
1263,4474,SG
1264,4478,CZ
1265,4479,US
1266,4481,NO
1267,4486,SE
1268,4488,LY
1269,4495,US
1270,4500,CA
1271,4501,GB
1272,4502,ID
1273,4503,US
1274,4507,CN
1275,4512,US
1276,4514,AU
1277,4516,US
1278,4518,US
1279,4520,US
1280,4523,GB
1281,4525,IS
1282,4527,IN
1283,4528,IN
1284,4530,US
1285,4533,VE
1286,4537,RU
1287,4539,US
1288,4542,PL
1289,4543,IN
1290,4544,US
1291,4545,BE
1292,4548,US
1293,4550,US
1294,4553,ES
1295,4554,DE
1296,4555,US
1297,4556,PK
1298,4558,US
1299,4561,GB
1300,4565,GB
1301,4568,ID
1302,4575,FR
1303,4576,US
1304,4577,LT
1305,4578,TR
1306,4579,PL
1307,4580,EE
1308,4583,IE
1309,4584,US
1310,4588,DE
1311,4599,IN
1312,4601,BD
1313,4602,IT
1314,4604,US
1315,4605,AU
1316,4609,US
1317,4612,US
1318,4620,DE
1319,4622,AT
1320,4623,RU
1321,4633,BG
1322,4637,US
1323,4643,KW
1324,4644,US
1325,4652,AR
1326,4659,KZ
1327,4662,IN
1328,4664,CA
1329,4665,IN
1330,4666,DE
1331,4667,BR
1332,4668,US
1333,4669,PK
1334,4670,RS
1335,4671,US
1336,4677,RS
1337,4679,DE
1338,4683,US
1339,4685,US
1340,4686,DE
1341,4690,IN
1342,4693,MX
1343,4696,US
1344,4697,IL
1345,4704,US
1346,4707,US
1347,4708,NL
1348,4713,CH
1349,4713,DE
1350,4718,GB
1351,4719,IN
1352,4725,CU
1353,4726,TR
1354,4731,US
1355,4732,GB
1356,4735,US
1357,4736,FR
1358,4737,DE
1359,4738,DE
1360,4743,ES
1361,4744,US
1362,4749,US
1363,4752,GB
1364,4753,BR
1365,4759,US
1366,4763,CA
1367,4764,US
1368,4765,CH
1369,4766,HK
1370,4767,DE
1371,4770,US
1372,4771,FI
1373,4774,PH
1374,4775,GB
1375,4778,TR
1376,4779,AU
1377,4780,NP
1378,4785,IN
1379,4789,US
1380,4793,US
1381,4796,IN
1382,4800,GB
1383,4803,EG
1384,4806,GB
1385,4808,ZA
1386,4809,AU
1387,4811,GB
1388,4816,DE
1389,4822,FR
1390,4824,ZA
1391,4826,US
1392,4829,GB
1393,4833,US
1394,4834,AU
1395,4834,CA
1396,4838,IN
1397,4839,US
1398,4840,PH
1399,4841,PH
1400,4842,IN
1401,4847,PH
1402,4853,US
1403,4855,GB
1404,4856,FR
1405,4857,CA
1406,4858,ES
1407,4863,AU
1408,4867,DE
1409,4868,UA
1410,4869,GB
1411,4870,LU
1412,4874,DE
1413,4878,FR
1414,4881,IN
1415,4883,US
1416,4883,CU
1417,4888,KR
1418,4889,US
1419,4889,FR
1420,4891,US
1421,4896,SE
1422,4897,NL
1423,4899,GB
1424,4900,BE
1425,4902,US
1426,4904,US
1427,4905,US
1428,4906,NZ
1429,4910,PK
1430,4911,FR
1431,4915,YE
1432,4918,CA
1433,4922,US
1434,4924,CN
1435,4925,GB
1436,4926,IN
1437,4928,IN
1438,4930,US
1439,4937,IN
1440,4940,IN
1441,4941,IT
1442,4944,DE
1443,4945,GB
1444,4946,US
1445,4948,GB
1446,4949,GB
1447,4957,US
1448,4959,US
1449,4959,CU
1450,4962,IT
1451,4965,CA
1452,4966,VN
1453,4968,AM
1454,4969,BE
1455,4970,PH
1456,4972,RS
1457,4978,SG
1458,4987,US
1459,4989,CA
1460,4990,NO
1461,4993,US
1462,4994,US
1463,4999,US
1464,5001,IN
1465,5002,FR
1466,5004,ES
1467,5011,CA
1468,5012,IN
1469,5013,ZA
1470,5018,IT
1471,5023,NP
1472,5024,US
1473,5027,GB
1474,5041,AU
1475,5046,DE
1476,5049,US
1477,5050,MM
1478,5055,US
1479,5056,HK
1480,5057,SI
1481,5060,IR
1482,5063,IN
1483,5066,US
1484,5073,CA
1485,5077,US
1486,5078,US
1487,5083,US
1488,5086,US
1489,5087,CA
1490,5089,RU
1491,5093,GB
1492,5094,IN
1493,5095,US
1494,5098,US
1495,5099,IN
1496,5100,RU
1497,5103,US
1498,5108,HR
1499,5109,MD
1500,5112,US
1501,5114,JP
1502,5116,IN
1503,5122,PL
1504,5124,TH
1505,5128,US
1506,5129,US
1507,5132,PK
1508,5135,US
1509,5137,SE
1510,5138,CH
1511,5139,IN
1512,5140,ID
1513,5141,SG
1514,5146,US
1515,5148,FR
1516,5149,CL
1517,5151,US
1518,5151,CU
1519,5160,IN
1520,5163,FR
1521,5164,US
1522,5164,GE
1523,5165,US
1524,5171,US
1525,5172,US
1526,5176,CR
1527,5177,IT
1528,5183,IN
1529,5190,US
1530,5195,US
1531,5196,SG
1532,5198,IN
1533,5199,TR
1534,5200,IN
1535,5201,IN
1536,5203,MY
1537,5204,MY
1538,5205,MY
1539,5206,IT
1540,5207,US
1541,5211,US
1542,5212,CA
1543,5214,US
1544,5218,US
1545,5219,IN
1546,5220,AF
1547,5221,IN
1548,5226,RO
1549,5227,RU
1550,5232,TR
1551,5234,US
1552,5234,CU
1553,5236,AU
1554,5237,CH
1555,5238,GB
1556,5239,ES
1557,5243,BD
1558,5244,US
1559,5247,BG
1560,5248,KR
1561,5254,CH
1562,5255,DE
1563,5259,US
1564,5261,US
1565,5261,ZA
1566,5262,BE
1567,5263,DE
1568,5264,US
1569,5266,US
1570,5272,CA
1571,5279,US
1572,5283,IN
1573,5286,PL
1574,5289,RU
1575,5293,IN
1576,5294,SE
1577,5295,ID
1578,5296,GB
1579,5298,GB
1580,5298,US
1581,5300,CA
1582,5301,CA
1583,5302,GB
1584,5306,US
1585,5307,HR
1586,5309,BE
1587,5310,IN
1588,5312,GB
1589,5314,GB
1590,5316,GB
1591,5317,IT
1592,5319,US
1593,5320,BD
1594,5323,US
1595,5325,US
1596,5328,ID
1597,5330,BY
1598,5331,GB
1599,5337,CA
1600,5339,US
1601,5341,IN
1602,5346,US
1603,5349,US
1604,5353,IN
1605,5357,US
1606,5358,AU
1607,5360,SE
1608,5362,US
1609,5364,US
1610,5365,IN
1611,5376,RU
1612,5385,IN
1613,5386,BE
1614,5390,SG
1615,5391,IN
1616,5393,IN
1617,5395,SE
1618,5398,CZ
1619,5401,US
1620,5403,US
1621,5408,TR
1622,5409,IN
1623,5411,CO
1624,5413,US
1625,5413,IE
1626,5415,US
1627,5417,US
1628,5419,US
1629,5421,PK
1630,5422,US
1631,5423,US
1632,5424,US
1633,5429,US
1634,5432,BE
1635,5436,GR
1636,5437,US
1637,5438,DE
1638,5439,GB
1639,5442,US
1640,5443,DE
1641,5446,US
1642,5447,CA
1643,5448,US
1644,5452,US
1645,5455,FR
1646,5456,SK
1647,5457,IL
1648,5458,EG
1649,5463,US
1650,5465,SG
1651,5466,IN
1652,5467,ZA
1653,5470,US
1654,5471,NZ
1655,5475,CA
1656,5479,SE
1657,5480,KE
1658,5481,IN
1659,5482,VN
1660,5487,GB
1661,5489,GB
1662,5492,BR
1663,5493,US
1664,5496,US
1665,5499,TR
1666,5503,BE
1667,5505,IN
1668,5506,RS
1669,5508,GE
1670,5512,DE
1671,5513,TR
1672,5518,CA
1673,5519,CA
1674,5520,BE
1675,5521,US
1676,5523,US
1677,5525,US
1678,5526,US
1679,5532,DE
1680,5533,US
1681,5534,GB
1682,5538,BR
1683,5545,US
1684,5549,AL
1685,5551,DE
1686,5552,US
1687,5553,ES
1688,5558,AU
1689,5560,US
1690,5561,GB
1691,5562,IN
1692,5566,VE
1693,5567,RO
1694,5569,US
1695,5573,US
1696,5575,NL
1697,5582,IN
1698,5587,ES
1699,5592,AU
1700,5596,GB
1701,5604,ZA
1702,5605,GB
1703,5609,US
1704,5610,US
1705,5611,CA
1706,5615,PK
1707,5617,US
1708,5619,IN
1709,5621,NL
1710,5625,US
1711,5626,US
1712,5627,US
1713,5629,US
1714,5630,AU
1715,5630,CA
1716,5631,CN
1717,5632,ID
1718,5635,UA
1719,5639,GR
1720,5641,LK
1721,5654,AU
1722,5655,US
1723,5659,NZ
1724,5661,CA
1725,5663,FI
1726,5670,US
1727,5671,US
1728,5675,CN
1729,5677,US
1730,5678,ES
1731,5679,VN
1732,5680,NL
1733,5681,BR
1734,5684,RO
1735,5698,CA
1736,5699,BR
1737,5701,TN
1738,5703,US
1739,5704,US
1740,5710,NC
1741,5711,IN
1742,5717,CH
1743,5719,US
1744,5721,CZ
1745,5724,IN
1746,5733,CA
1747,5733,US
1748,5735,AU
1749,5738,CN
1750,5740,NL
1751,5741,MT
1752,5742,GB
1753,5745,BR
1754,5746,MA
1755,5747,US
1756,5748,US
1757,5750,US
1758,5752,US
1759,5755,IN
1760,5758,AT
1761,5761,CH
1762,5766,US
1763,5767,DZ
1764,5769,CU
1765,5772,GB
1766,5774,DE
1767,5776,CA
1768,5780,IN
1769,5781,GH
1770,5782,US
1771,5783,GT
1772,5784,US
1773,5788,FI
1774,5789,PK
1775,5790,IT
1776,5791,US
1777,5793,US
1778,5803,US
1779,5805,DE
1780,5806,US
1781,5812,DE
1782,5814,DE
1783,5820,US
1784,5825,US
1785,5828,US
1786,5832,US
1787,5834,IN
1788,5835,IN
1789,5836,AU
1790,5842,US
1791,5845,US
1792,5847,ZA
1793,5848,IN
1794,5851,US
1795,5851,GB
1796,5853,US
1797,5855,ID
1798,5857,US
1799,5857,GB
1800,5861,BR
1801,5862,TR
1802,5863,TR
1803,5870,GB
1804,5871,US
1805,5871,ZA
1806,5872,RO
1807,5877,US
1808,5880,UA
1809,5881,NO
1810,5886,FR
1811,5888,DE
1812,5890,DE
1813,5891,US
1814,5894,PT
1815,5903,US
1816,5904,BD
1817,5906,US
1818,5907,CA
1819,5912,GB
1820,5916,PT
1821,5924,JP
1822,5930,US
1823,5932,CA
1824,5935,IN
1825,5943,US
1826,5943,BR
1827,5944,NL
1828,5946,IN
1829,5947,CA
1830,5953,DK
1831,5955,DE
1832,5956,US
1833,5957,JP
1834,5963,IN
1835,5967,RU
1836,5969,US
1837,5970,DK
1838,5972,US
1839,5974,US
1840,5980,TR
1841,5982,TR
1842,5984,US
1843,5988,IR
1844,5992,PK
1845,5999,IE
1846,6002,CA
1847,6006,SG
1848,6007,IN
1849,6011,US
1850,6016,IN
1851,6019,IN
1852,6021,CN
1853,6024,DE
1854,6029,US
1855,6036,SG
1856,6038,DE
1857,6041,IR
1858,6044,US
1859,6048,US
1860,6050,NZ
1861,6055,GB
1862,6058,FI
1863,6060,CH
1864,6064,US
1865,6067,BR
1866,6070,US
1867,6070,GB
1868,6071,GB
1869,6074,US
1870,6078,IN
1871,6080,IT
1872,6083,FR
1873,6087,US
1874,6089,CA
1875,6090,IL
1876,6099,DE
1877,6101,US
1878,6102,EG
1879,6103,GB
1880,6105,CA
1881,6107,PL
1882,6113,US
1883,6114,FI
1884,6123,IR
1885,6125,US
1886,6127,CH
1887,6129,CA
1888,6132,US
1889,6136,MX
1890,6140,US
1891,6142,GB
1892,6147,BD
1893,6150,AU
1894,6151,AU
1895,6154,KH
1896,6156,IN
1897,6158,GB
1898,6159,DE
1899,6160,CA
1900,6162,US
1901,6165,DE
1902,6167,GB
1903,6168,SG
1904,6170,US
1905,6173,DE
1906,6176,US
1907,6179,CA
1908,6180,EE
1909,6187,IN
1910,6193,DE
1911,6194,TR
1912,6196,BE
1913,6197,DE
1914,6198,ES
1915,6206,PL
1916,6207,PK
1917,6209,ZA
1918,6210,US
1919,6210,CA
1920,6211,US
1921,6215,US
1922,6217,GB
1923,6218,AU
1924,6223,FR
1925,6233,KE
1926,6237,IT
1927,6238,US
1928,6239,IN
1929,6240,AU
1930,6241,US
1931,6245,CA
1932,6247,IN
1933,6251,GB
1934,6254,FR
1935,6257,BD
1936,6258,AR
1937,6260,CH
1938,6262,AU
1939,6263,IN
1940,6266,CO
1941,6267,IR
1942,6269,IN
1943,6271,US
1944,6275,SG
1945,6276,IN
1946,6277,BE
1947,6279,US
1948,6280,US
1949,6281,US
1950,6282,US
1951,6284,ID
1952,6286,SG
1953,6291,JP
1954,6297,NL
1955,6298,CH
1956,6299,US
1957,6301,CZ
1958,6302,US
1959,6304,US
1960,6306,US
1961,6316,DE
1962,6322,US
1963,6324,BR
1964,6326,IR
1965,6329,BD
1966,6336,IE
1967,6337,DE
1968,6338,GB
1969,6342,CA
1970,6346,CA
1971,6351,NL
1972,6357,PL
1973,6358,AT
1974,6363,GB
1975,6370,GB
1976,6371,GB
1977,6378,TH
1978,6381,FR
1979,6389,US
1980,6391,US
1981,6391,CU
1982,6393,IN
1983,6402,US
1984,6405,IN
1985,6406,BR
1986,6410,PL
1987,6412,US
1988,6417,US
1989,6422,CH
1990,6423,US
1991,6425,US
1992,6426,US
1993,6431,ID
1994,6439,GB
1995,6441,BE
1996,6443,SK
1997,6444,NL
1998,6449,US
1999,6454,RU
2000,6456,DE
2001,6467,IT
2002,6470,GB
2003,6475,SG
2004,6476,US
2005,6477,GB
2006,6478,IE
2007,6480,BR
2008,6481,IT
2009,6482,US
2010,6498,US
2011,6499,US
2012,6501,TW
2013,6503,IN
2014,6506,SE
2015,6508,ES
2016,6510,DE
2017,6519,AU
2018,6524,US
2019,6525,US
2020,6529,US
2021,6544,NO
2022,6545,US
2023,6547,US
2024,6551,IN
2025,6564,US
2026,6566,US
2027,6567,US
2028,6568,GB
2029,6569,CA
2030,6570,US
2031,6573,VN
2032,6583,DE
2033,6587,GB
2034,6589,PK
2035,6591,US
2036,6599,IN
2037,6601,US
2038,6602,ID
2039,6607,US
2040,6608,NL
2041,6611,US
2042,6612,US
2043,6614,JO
2044,6616,IN
2045,6620,US
2046,6621,US
2047,6622,US
2048,6623,US
2049,6625,PL
2050,6626,BR
2051,6639,AU
2052,6640,IN
2053,6642,FR
2054,6645,RU
2055,6646,US
2056,6648,US
2057,6649,DE
2058,6650,US
2059,6652,CA
2060,6652,US
2061,6654,IN
2062,6656,US
2063,6663,CA
2064,6664,US
2065,6666,TR
2066,6669,US
2067,6671,PK
2068,6672,IN
2069,6675,CH
2070,6676,MD
2071,6678,US
2072,6680,GB
2073,6684,US
2074,6686,EE
2075,6688,IN
2076,6689,PH
2077,6690,IN
2078,6691,IN
2079,6692,US
2080,6695,SG
2081,6700,NL
2082,6702,GB
2083,6709,SE
2084,6710,HK
2085,6712,US
2086,6713,NP
2087,6716,IN
2088,6717,US
2089,6719,IN
2090,6720,GB
2091,6723,ES
2092,6731,NL
2093,6732,PY
2094,6732,CO
2095,6732,US
2096,6733,US
2097,6735,US
2098,6736,AU
2099,6738,US
2100,6742,US
2101,6742,GB
2102,6743,ZA
2103,6744,TR
2104,6746,IN
2105,6748,US
2106,6753,BR
2107,6756,US
2108,6756,ZA
2109,6760,IN
2110,6762,US
2111,6768,NL
2112,6775,CZ
2113,6776,US
2114,6778,NO
2115,6785,CA
2116,6790,IN
2117,6793,US
2118,6797,IN
2119,6800,NO
2120,6802,US
2121,6804,US
2122,6804,PH
2123,6805,DE
2124,6806,AU
2125,6807,IN
2126,6809,DE
2127,6811,ES
2128,6820,DE
2129,6821,DE
2130,6822,US
2131,6824,US
2132,6825,ID
2133,6826,US
2134,6827,IE
2135,6829,GB
2136,6830,DK
2137,6834,PH
2138,6836,ID
2139,6838,IN
2140,6839,IN
2141,6841,IN
2142,6842,US
2143,6843,DE
2144,6847,US
2145,6849,US
2146,6850,US
2147,6852,CA
2148,6855,BD
2149,6857,BD
2150,6858,US
2151,6859,DE
2152,6862,US
2153,6868,KR
2154,6872,GR
2155,6873,GB
2156,6877,RO
2157,6880,IN
2158,6884,IN
2159,6885,FR
2160,6887,US
2161,6887,ZA
2162,6890,AR
2163,6897,AR
2164,6898,US
2165,6903,US
2166,6905,IN
2167,6909,AU
2168,6911,US
2169,6912,ES
2170,6914,IT
2171,6920,US
2172,6920,GB
2173,6927,US
2174,6928,DE
2175,6929,CN
2176,6931,UA
2177,6936,FR
2178,6937,HR
2179,6944,HU
2180,6945,BD
2181,6946,US
2182,6948,DE
2183,6951,DE
2184,6952,ZA
2185,6961,RU
2186,6963,US
2187,6964,IN
2188,6965,IN
2189,6971,ID
2190,6974,US
2191,6977,HK
2192,6981,GB
2193,6982,DE
2194,6984,NO
2195,6985,US
2196,6990,PH
2197,6991,IN
2198,6993,US
2199,6995,LK
2200,6998,NL
2201,7004,GR
2202,7006,US
2203,7007,US
2204,7012,AU
2205,7012,CA
2206,7014,PL
2207,7015,IN
2208,7016,US
2209,7017,BD
2210,7018,SE
2211,7023,US
2212,7029,DE
2213,7032,CA
2214,7034,US
2215,7035,FI
2216,7042,AU
2217,7044,ID
2218,7048,PT
2219,7050,US
2220,7051,AR
2221,7053,DE
2222,7054,US
2223,7057,IN
2224,7059,IT
2225,7060,AU
2226,7063,AR
2227,7065,US
2228,7067,NZ
2229,7067,PH
2230,7069,US
2231,7075,IT
2232,7076,GB
2233,7083,NO
2234,7084,US
2235,7086,IN
2236,7087,MX
2237,7088,PK
2238,7092,US
2239,7094,US
2240,7108,ES
2241,7110,US
2242,7111,US
2243,7112,US
2244,7114,LB
2245,7114,US
2246,7117,CN
2247,7118,US
2248,7119,GB
2249,7120,AU
2250,7120,CA
2251,7128,AU
2252,7130,IN
2253,7138,RU
2254,7141,ES
2255,7143,PT
2256,7152,GB
2257,7154,CA
2258,7156,PK
2259,7160,GB
2260,7164,US
2261,7165,ID
2262,7168,ES
2263,7170,IN
2264,7171,ES
2265,7172,DE
2266,7173,IN
2267,7174,US
2268,7184,IN
2269,7186,ZA
2270,7187,US
2271,7190,IN
2272,7192,IN
2273,7193,ZA
2274,7196,CA
2275,7200,US
2276,7201,FR
2277,7203,IN
2278,7210,DE
2279,7213,SE
2280,7214,GB
2281,7214,US
2282,7215,NL
2283,7216,IN
2284,7217,US
2285,7220,US
2286,7224,ES
2287,7226,US
2288,7228,US
2289,7233,GB
2290,7242,US
2291,7244,US
2292,7245,ID
2293,7247,IN
2294,7249,CN
2295,7250,IN
2296,7257,GB
2297,7259,BR
2298,7264,IT
2299,7269,AR
2300,7274,US
2301,7276,IN
2302,7279,HU
2303,7280,DO
2304,7287,AT
2305,7288,BE
2306,7289,IN
2307,7291,IN
2308,7294,ID
2309,7301,IN
2310,7302,AR
2311,7302,PH
2312,7303,US
2313,7304,US
2314,7308,US
2315,7309,US
2316,7310,IN
2317,7312,SE
2318,7314,DE
2319,7316,IN
2320,7317,IN
2321,7318,GB
2322,7320,TR
2323,7322,DE
2324,7322,US
2325,7327,FR
2326,7328,IN
2327,7331,ID
2328,7333,DE
2329,7336,CN
2330,7343,IN
2331,7349,US
2332,7357,CN
2333,7365,DE
2334,7367,US
2335,7369,US
2336,7371,US
2337,7374,NL
2338,7375,IN
2339,7376,US
2340,7385,US
2341,7390,IN
2342,7392,IR
2343,7395,MX
2344,7396,CA
2345,7399,CA
2346,7400,HK
2347,7405,GB
2348,7407,US
2349,7412,US
2350,7420,US
2351,7421,US
2352,7424,NZ
2353,7425,RU
2354,7426,IN
2355,7428,US
2356,7431,SE
2357,7432,US
2358,7433,IN
2359,7437,DE
2360,7445,US
2361,7446,NZ
2362,7449,GB
2363,7450,ID
2364,7450,CM
2365,7460,CA
2366,7470,ZA
2367,7480,DE
2368,7489,NP
2369,7493,IN
2370,7496,US
2371,7500,CU
2372,7505,IR
2373,7507,ES
2374,7513,DE
2375,7519,US
2376,7522,CA
2377,7531,FR
2378,7533,FR
2379,7537,JP
2380,7543,IN
2381,7545,BE
2382,7551,US
2383,7553,JP
2384,7556,GB
2385,7559,IN
2386,7560,IN
2387,7564,AU
2388,7569,GE
2389,7571,US
2390,7576,GB
2391,7577,PL
2392,7578,BY
2393,7580,IN
2394,7583,US
2395,7588,US
2396,7590,HN
2397,7595,AU
2398,7596,CA
2399,7598,IN
2400,7602,IN
2401,7604,RU
2402,7609,IL
2403,7624,US
2404,7626,ES
2405,7635,IN
2406,7637,US
2407,7638,ID
2408,7639,CA
2409,7644,IN
2410,7645,US
2411,7645,IE
2412,7650,US
2413,7651,GB
2414,7653,RU
2415,7654,GB
2416,7655,US
2417,7655,GB
2418,7656,DE
2419,7659,BD
2420,7666,IN
2421,7668,FI
2422,7670,CA
2423,7673,IN
2424,7674,NL
2425,7675,CN
2426,7678,IN
2427,7686,IT
2428,7691,AE
2429,7695,US
2430,7700,RU
2431,7702,US
2432,7705,US
2433,7708,DK
2434,7712,TR
2435,7716,MD
2436,7722,IN
2437,7723,IR
2438,7725,ZA
2439,7727,GB
2440,7728,IN
2441,7730,FR
2442,7732,SI
2443,7737,CA
2444,7738,SE
2445,7739,US
2446,7740,US
2447,7741,AU
2448,7742,FR
2449,7747,RU
2450,7748,PL
2451,7749,AU
2452,7753,US
2453,7754,CA
2454,7756,IE
2455,7758,GB
2456,7761,DZ
2457,7762,CU
2458,7768,US
2459,7769,US
2460,7773,US
2461,7779,US
2462,7780,ID
2463,7782,IN
2464,7784,GH
2465,7790,BD
2466,7794,FR
2467,7805,LT
2468,7806,DK
2469,7807,LT
2470,7811,CA
2471,7814,PL
2472,7818,NO
2473,7821,US
2474,7823,US
2475,7827,AU
2476,7836,EG
2477,7839,IN
2478,7840,IN
2479,7844,US
2480,7853,US
2481,7855,US
2482,7860,ID
2483,7861,NL
2484,7866,US
2485,7870,LK
2486,7874,IR
2487,7875,US
2488,7876,GB
2489,7879,FR
2490,7882,US
2491,7883,US
2492,7884,AU
2493,7886,IN
2494,7887,AU
2495,7890,FR
2496,7891,NL
2497,7894,IN
2498,7895,NL
2499,7896,IN
2500,7897,PL
2501,7898,DE
2502,7899,IN
2503,7903,US
2504,7904,NL
2505,7906,NP
2506,7908,DE
2507,7909,NL
2508,7915,US
2509,7919,AU
2510,7934,US
2511,7935,US
2512,7937,IN
2513,7938,GB
2514,7945,US
2515,7947,DE
2516,7948,TR
2517,7956,NL
2518,7962,RU
2519,7965,AU
2520,7969,US
2521,7971,AR
2522,7973,NO
2523,7977,IN
2524,7978,RU
2525,7982,US
2526,7985,US
2527,7986,ZA
2528,7989,GB
2529,7990,US
2530,7994,RU
2531,7996,US
2532,7999,CO
2533,8001,SI
2534,8003,GB
2535,8004,IN
2536,8007,EE
2537,8008,UA
2538,8015,US
2539,8016,US
2540,8018,HK
2541,8024,MX
2542,8029,ID
2543,8035,CH
2544,8036,RU
2545,8038,US
2546,8040,PL
2547,8042,GB
2548,8044,US
2549,8045,US
2550,8045,BR
2551,8048,US
2552,8049,IN
2553,8054,FR
2554,8060,DE
2555,8061,IN
2556,8064,US
2557,8066,US
2558,8067,US
2559,8068,US
2560,8072,US
2561,8073,US
2562,8079,US
2563,8081,US
2564,8082,FR
2565,8085,US
2566,8093,GB
2567,8096,IN
2568,8099,TR
2569,8101,IR
2570,8102,US
2571,8103,ES
2572,8105,CA
2573,8107,QA
2574,8115,TN
2575,8116,IN
2576,8119,DK
2577,8121,GB
2578,8124,AU
2579,8126,US
2580,8131,US
2581,8133,CO
2582,8134,US
2583,8139,IN
2584,8142,DE
2585,8148,GB
2586,8154,IN
2587,8155,ES
2588,8156,BR
2589,8157,IN
2590,8159,IN
2591,8164,IT
2592,8169,US
2593,8173,CN
2594,8176,AU
2595,8179,GB
2596,8180,MM
2597,8181,AU
2598,8183,NL
2599,8190,US
2600,8197,US
2601,8198,LK
2602,8199,NZ
2603,8200,CA
2604,8203,ES
2605,8206,IR
2606,8207,IN
2607,8208,US
2608,8208,GB
2609,8210,FI
2610,8212,CA
2611,8212,US
2612,8220,DE
2613,8222,ZA
2614,8232,IN
2615,8233,CA
2616,8235,CA
2617,8237,CA
2618,8243,US
2619,8244,IE
2620,8248,FR
2621,8251,BR
2622,8253,US
2623,8254,US
2624,8255,GB
2625,8258,US
2626,8263,GB
2627,8264,ES
2628,8266,GB
2629,8266,US
2630,8269,US
2631,8271,SE
2632,8275,SI
2633,8276,US
2634,8279,KE
2635,8283,NL
2636,8284,IN
2637,8285,IT
2638,8289,IN
2639,8291,AU
2640,8296,IT
2641,8298,CH
2642,8301,IL
2643,8302,DE
2644,8303,CO
2645,8308,AU
2646,8309,GB
2647,8312,US
2648,8314,US
2649,8318,IN
2650,8321,SA
2651,8324,US
2652,8325,ZA
2653,8331,US
2654,8334,IN
2655,8335,NL
2656,8339,BR
2657,8340,ES
2658,8342,DE
2659,8343,CZ
2660,8344,US
2661,8347,CN
2662,8350,DE
2663,8353,US
2664,8354,BD
2665,8356,NL
2666,8358,LB
2667,8358,US
2668,8359,MD
2669,8364,IT
2670,8365,IN
2671,8366,US
2672,8372,AU
2673,8378,US
2674,8380,DE
2675,8384,MT
2676,8385,IE
2677,8390,IL
2678,8392,AU
2679,8395,CA
2680,8399,VE
2681,8403,BD
2682,8409,US
2683,8410,GE
2684,8411,US
2685,8412,US
2686,8415,NL
2687,8419,US
2688,8419,GE
2689,8422,IR
2690,8426,AU
2691,8427,IN
2692,8434,FR
2693,8435,US
2694,8437,DK
2695,8439,GB
2696,8441,IN
2697,8442,US
2698,8447,US
2699,8448,ES
2700,8452,US
2701,8456,US
2702,8457,CN
2703,8459,US
2704,8461,US
2705,8463,GB
2706,8466,BA
2707,8468,GB
2708,8471,US
2709,8478,ES
2710,8480,PL
2711,8482,SE
2712,8488,IN
2713,8496,DE
2714,8499,US
2715,8503,RS
2716,8509,KR
2717,8513,IN
2718,8516,IL
2719,8522,JE
2720,8522,GB
2721,8523,CH
2722,8528,US
2723,8532,GB
2724,8535,US
2725,8537,US
2726,8539,US
2727,8540,KE
2728,8544,IN
2729,8553,US
2730,8554,US
2731,8554,ZA
2732,8557,AU
2733,8561,ZA
2734,8563,US
2735,8565,US
2736,8568,AU
2737,8572,IL
2738,8573,IL
2739,8574,IL
2740,8575,IL
2741,8578,BD
2742,8579,US
2743,8581,DE
2744,8584,RU
2745,8587,CA
2746,8589,SK
2747,8593,US
2748,8598,US
2749,8603,SG
2750,8611,CH
2751,8614,IT
2752,8615,US
2753,8616,US
2754,8621,JO
2755,8622,US
2756,8629,US
2757,8630,US
2758,8634,US
2759,8644,US
2760,8645,US
2761,8646,CZ
2762,8647,BR
2763,8648,SE
2764,8651,CY
2765,8656,GB
2766,8657,GB
2767,8665,IN
2768,8666,NL
2769,8666,US
2770,8669,GB
2771,8671,NO
2772,8672,IN
2773,8674,BR
2774,8682,US
2775,8683,AU
2776,8685,NL
2777,8689,EG
2778,8691,US
2779,8693,US
2780,8694,BE
2781,8695,EG
2782,8698,IN
2783,8699,US
2784,8700,PH
2785,8703,BR
2786,8707,US
2787,8708,RU
2788,8715,HK
2789,8719,RW
2790,8725,US
2791,8727,BD
2792,8733,IN
2793,8736,US
2794,8738,VN
2795,8739,PK
2796,8743,IN
2797,8744,IN
2798,8746,US
2799,8748,JP
2800,8751,US
2801,8752,IN
2802,8756,BY
2803,8757,BR
2804,8758,BR
2805,8760,US
2806,8763,CN
2807,8765,RS
2808,8767,FR
2809,8768,US
2810,8770,FR
2811,8776,AT
2812,8778,AR
2813,8780,JP
2814,8783,BD
2815,8784,NL
2816,8785,FR
2817,8793,US
2818,8796,US
2819,8797,PE
2820,8803,TR
2821,8804,ZA
2822,8810,US
2823,8811,US
2824,8813,US
2825,8816,US
2826,8817,DE
2827,8825,DE
2828,8831,IE
2829,8832,DE
2830,8834,US
2831,8840,FR
2832,8841,BE
2833,8843,US
2834,8845,SE
2835,8848,DK
2836,8850,US
2837,8851,TM
2838,8852,BE
2839,8853,FR
2840,8856,HU
2841,8860,GB
2842,8861,US
2843,8879,US
2844,8884,DE
2845,8886,IN
2846,8887,US
2847,8888,US
2848,8896,BD
2849,8900,CA
2850,8901,US
2851,8902,US
2852,8914,SE
2853,8916,DE
2854,8919,NG
2855,8921,JO
2856,8928,IN
2857,8929,US
2858,8931,BY
2859,8933,US
2860,8939,NP
2861,8946,HK
2862,8955,ID
2863,8961,NI
2864,8965,NL
2865,8971,JP
2866,8974,DE
2867,8988,IN
2868,8991,US
2869,8999,AR
2870,9000,US
2871,9001,NZ
2872,9004,IN
2873,9005,FR
2874,9010,AU
2875,9011,CN
2876,9012,IN
2877,9022,US
2878,9023,AT
2879,9024,US
2880,9025,US
2881,9027,NL
2882,9028,CN
2883,9031,BR
2884,9032,BR
2885,9033,GT
2886,9034,GT
2887,9038,US
2888,9040,FR
2889,9043,ES
2890,9047,US
2891,9050,IN
2892,9053,HN
2893,9054,US
2894,9055,US
2895,9056,BD
2896,9059,ID
2897,9063,GR
2898,9066,IN
2899,9067,TR
2900,9068,DE
2901,9070,IE
2902,9077,US
2903,9089,IN
2904,9090,US
2905,9092,UA
2906,9097,GB
2907,9104,GB
2908,9106,GB
2909,9109,EG
2910,9113,US
2911,9118,CZ
2912,9128,NZ
2913,9129,US
2914,9129,ZA
2915,9132,UA
2916,9144,US
2917,9147,IN
2918,9149,CA
2919,9154,NL
2920,9157,US
2921,9158,US
2922,9164,TH
2923,9178,CA
2924,9180,GB
2925,9182,FR
2926,9188,GB
2927,9190,NO
2928,9193,GB
2929,9196,BR
2930,9199,US
2931,9210,CA
2932,9214,GB
2933,9218,ZA
2934,9219,AU
2935,9235,BY
2936,9236,ES
2937,9237,NL
2938,9243,TZ
2939,9247,DE
2940,9260,AU
2941,9263,US
2942,9267,ES
2943,9273,GB
2944,9274,GB
2945,9288,IR
2946,9295,US
2947,9296,FR
2948,9301,IN
2949,9303,BE
2950,9305,BR
2951,9306,US
2952,9307,IN
2953,9308,IL
2954,9310,NL
2955,9311,IN
2956,9312,LU
2957,9313,US
2958,9317,DE
2959,9324,DE
2960,9325,IN
2961,9328,GB
2962,9334,IN
2963,9337,US
2964,9339,US
2965,9345,FR
2966,9346,US
2967,9349,BE
2968,9352,US
2969,9353,US
2970,9355,RU
2971,9362,US
2972,9363,FR
2973,9364,IN
2974,9369,AU
2975,9374,CA
2976,9377,IN
2977,9378,US
2978,9381,DK
2979,9384,US
2980,9385,GB
2981,9386,CH
2982,9387,NL
2983,9388,IN
2984,9391,BR
2985,9397,US
2986,9403,US
2987,9411,PT
2988,9414,US
2989,9415,GB
2990,9418,US
2991,9421,AU
2992,9422,SG
2993,9424,HU
2994,9428,RS
2995,9433,US
2996,9434,US
2997,9434,GB
2998,9435,IN
2999,9437,BR
3000,9440,US
3001,9442,CA
3002,9446,US
3003,9447,US
3004,9448,GB
3005,9449,GB
3006,9452,US
3007,9453,IN
3008,9457,US
3009,9463,US
3010,9464,IN
3011,9468,CA
3012,9469,CA
3013,9472,LV
3014,9474,EG
3015,9481,NL
3016,9486,IN
3017,9487,US
3018,9489,US
3019,9492,GB
3020,9496,TR
3021,9497,CN
3022,9498,IN
3023,9502,PT
3024,9503,SE
3025,9506,US
3026,9513,PK
3027,9516,FI
3028,9518,IN
3029,9521,GB
3030,9527,US
3031,9528,GB
3032,9529,US
3033,9531,PL
3034,9538,US
3035,9545,US
3036,9546,US
3037,9552,US
3038,9560,DE
3039,9561,DE
3040,9562,IN
3041,9563,US
3042,9565,US
3043,9575,DE
3044,9576,BR
3045,9581,GB
3046,9586,DE
3047,9597,FR
3048,9601,ES
3049,9603,NL
3050,9603,US
3051,9604,GR
3052,9609,IN
3053,9610,IN
3054,9613,IN
3055,9615,NO
3056,9620,NZ
3057,9625,GR
3058,9627,GB
3059,9629,US
3060,9629,AU
3061,9633,DE
3062,9634,US
3063,9635,PK
3064,9636,DE
3065,9637,GB
3066,9638,CH
3067,9640,TR
3068,9645,IT
3069,9650,SE
3070,9654,BE
3071,9657,US
3072,9658,BD
3073,9661,US
3074,9662,VN
3075,9664,GB
3076,9665,NZ
3077,9668,US
3078,9671,DE
3079,9672,AE
3080,9680,GB
3081,9681,GB
3082,9688,MX
3083,9689,DE
3084,9692,GB
3085,9693,US
3086,9697,GB
3087,9698,CA
3088,9703,ID
3089,9705,US
3090,9709,IE
3091,9711,US
3092,9717,NL
3093,9722,HU
3094,9723,DE
3095,9726,EG
3096,9728,US
3097,9730,US
3098,9733,LT
3099,9742,US
3100,9745,KH
3101,9746,US
3102,9746,GB
3103,9749,NL
3104,9751,BD
3105,9754,US
3106,9755,IN
3107,9760,ES
3108,9762,NL
3109,9769,AE
3110,9771,UA
3111,9776,BE
3112,9777,US
3113,9779,US
3114,9783,IT
3115,9785,US
3116,9786,US
3117,9789,US
3118,9791,RU
3119,9792,BG
3120,9793,GB
3121,9798,DE
3122,9799,US
3123,9801,US
3124,9802,CA
3125,9806,TW
3126,9812,AZ
3127,9820,US
3128,9823,US
3129,9826,DE
3130,9827,MX
3131,9828,IN
3132,9829,RU
3133,9830,GB
3134,9841,FR
3135,9843,BD
3136,9844,GB
3137,9844,ZA
3138,9845,US
3139,9848,US
3140,9853,DK
3141,9866,US
3142,9870,BE
3143,9871,US
3144,9872,US
3145,9873,US
3146,9875,DK
3147,9877,IN
3148,9878,IN
3149,9883,IN
3150,9891,KH
3151,9894,US
3152,9899,RU
3153,9908,IN
3154,9909,CM
3155,9910,DE
3156,9921,KH
3157,9924,PL
3158,9926,GB
3159,9935,US
3160,9943,NL
3161,9944,FR
3162,9947,UY
3163,9948,US
3164,9951,IN
3165,9952,GB
3166,9956,CZ
3167,9959,AT
3168,9961,US
3169,9969,GB
3170,9975,US
3171,9976,DE
3172,9980,SE
3173,9981,RU
3174,9981,US
3175,9983,GR
3176,9987,GB
3177,9990,KH
3178,9991,ID
3179,9993,FR
3180,10004,CH
3181,10006,FR
3182,10008,US
3183,10010,TW
3184,10012,IN
3185,10013,NL
3186,10017,AR
3187,10019,US
3188,10020,BE
3189,10023,IN
3190,10027,GB
3191,10027,US
3192,10029,ID
3193,10035,US
3194,10039,ID
3195,10041,DE
3196,10043,IN
3197,10045,US
3198,10045,IT
3199,10046,CA
3200,10050,US
3201,10051,IT
3202,10053,US
3203,10053,ZA
3204,10054,US
3205,10055,US
3206,10060,FR
3207,10061,IN
3208,10063,NO
3209,10064,SE
3210,10072,CH
3211,10073,LV
3212,10074,CH
3213,10075,ES
3214,10083,FR
3215,10085,GB
3216,10087,US
3217,10092,US
3218,10094,US
3219,10096,PT
3220,10103,CA
3221,10106,CA
3222,10107,US
3223,10108,US
3224,10114,GB
3225,10123,DE
3226,10133,AU
3227,10143,IN
3228,10144,GB
3229,10152,NO
3230,10154,DE
3231,10155,RO
3232,10164,IN
3233,10168,US
3234,10175,IN
3235,10180,BR
3236,10181,US
3237,10186,DE
3238,10188,IN
3239,10191,DE
3240,10195,US
3241,10199,IN
3242,10201,NL
3243,10201,US
3244,10202,DE
3245,10204,RO
3246,10205,CN
3247,10209,AR
3248,10211,IN
3249,10212,IN
3250,10214,SZ
3251,10215,PT
3252,10220,US
3253,10221,GB
3254,10222,TW
3255,10228,US
3256,10229,IT
3257,10230,GR
3258,10234,IN
3259,10246,DE
3260,10247,PT
3261,10256,IN
3262,10257,PT
3263,10258,TZ
3264,10262,CA
3265,10274,IN
3266,10275,RO
3267,10276,BG
3268,10278,CA
3269,10279,NL
3270,10283,GB
3271,10284,GB
3272,10287,IN
3273,10290,US
3274,10299,IN
3275,10301,IN
3276,10302,NG
3277,10307,IN
3278,10308,GB
3279,10310,US
3280,10311,US
3281,10316,IN
3282,10317,US
3283,10318,IN
3284,10319,IE
3285,10321,US
3286,10326,BE
3287,10331,GB
3288,10332,BD
3289,10337,US
3290,10339,IE
3291,10341,SE
3292,10342,US
3293,10345,IN
3294,10346,IN
3295,10347,US
3296,10348,IN
3297,10351,JE
3298,10354,US
3299,10355,AU
3300,10362,GB
3301,10365,GB
3302,10366,AU
3303,10370,IL
3304,10371,IL
3305,10373,IT
3306,10374,DE
3307,10383,BR
3308,10383,AR
3309,10384,US
3310,10387,US
3311,10394,US
3312,10395,CZ
3313,10399,US
3314,10400,ID
3315,10403,UA
3316,10406,US
3317,10407,US
3318,10408,FR
3319,10409,US
3320,10411,US
3321,10414,ID
3322,10418,BR
3323,10422,US
3324,10427,DE
3325,10429,FR
3326,10430,ES
3327,10432,AU
3328,10432,US
3329,10432,CA
3330,10433,AU
3331,10434,AU
3332,10435,IN
3333,10438,US
3334,10439,US
3335,10442,AU
3336,10449,KZ
3337,10452,RO
3338,10454,BD
3339,10455,US
3340,10458,US
3341,10461,US
3342,10470,FR
3343,10473,GB
3344,10474,BR
3345,10475,AU
3346,10476,US
3347,10477,US
3348,10480,GB
3349,10484,US
3350,10485,BD
3351,10488,UA
3352,10489,TH
3353,10491,EG
3354,10497,GB
3355,10499,IN
3356,10506,BR
3357,10508,US
3358,10509,BD
3359,10511,HK
3360,10514,US
3361,10517,US
3362,10518,US
3363,10522,IN
3364,10525,AU
3365,10526,AU
3366,10527,AU
3367,10528,AU
3368,10528,CA
3369,10529,US
3370,10533,US
3371,10537,AU
3372,10539,AU
3373,10540,AU
3374,10540,GB
3375,10542,US
3376,10543,NL
3377,10545,US
3378,10545,PH
3379,10547,DE
3380,10549,GR
3381,10550,US
3382,10553,AU
3383,10555,US
3384,10560,US
3385,10563,RU
3386,10564,IN
3387,10568,IL
3388,10573,GB
3389,10580,IN
3390,10581,IR
3391,10583,AU
3392,10588,IN
3393,10590,NL
3394,10591,US
3395,10595,IN
3396,10597,US
3397,10598,US
3398,10602,DE
3399,10603,PS
3400,10605,AU
3401,10606,US
3402,10607,IN
3403,10608,US
3404,10609,FR
3405,10614,UA
3406,10615,SE
3407,10617,JP
3408,10623,NL
3409,10624,US
3410,10626,IN
3411,10632,BE
3412,10633,IN
3413,10636,IN
3414,10637,PE
3415,10638,US
3416,10642,IR
3417,10643,US
3418,10648,FR
3419,10649,CA
3420,10654,US
3421,10655,CA
3422,10660,ZA
3423,10661,US
3424,10663,NG
3425,10665,BD
3426,10667,NL
3427,10669,IT
3428,10678,AU
3429,10678,CA
3430,10681,RS
3431,10682,ZA
3432,10686,AU
3433,10686,CA
3434,10689,US
3435,10690,CZ
3436,10692,AU
3437,10693,GB
3438,10699,BE
3439,10700,IN
3440,10702,GR
3441,10713,NL
3442,10716,US
3443,10718,DE
3444,10719,US
3445,10721,CA
3446,10721,US
3447,10722,US
3448,10725,AU
3449,10726,DE
3450,10728,MY
3451,10730,AU
3452,10733,US
3453,10734,IL
3454,10744,AU
3455,10746,US
3456,10747,IN
3457,10749,IN
3458,10756,IN
3459,10757,DE
3460,10760,IE
3461,10761,AU
3462,10762,AU
3463,10762,CA
3464,10768,US
3465,10772,CH
3466,10774,MM
3467,10780,ID
3468,10783,JP
3469,10786,US
3470,10796,IN
3471,10797,DE
3472,10801,US
3473,10802,US
3474,10812,IN
3475,10813,RU
3476,10814,IT
3477,10816,CA
3478,10823,US
3479,10826,US
3480,10828,DE
3481,10830,US
3482,10836,FR
3483,10841,IN
3484,10843,NG
3485,10844,US
3486,10849,GB
3487,10850,DE
3488,10852,CN
3489,10853,US
3490,10855,US
3491,10856,GE
3492,10862,IN
3493,10863,US
3494,10864,PK
3495,10865,NL
3496,10868,IN
3497,10871,QA
3498,10872,ME
3499,10879,DE
3500,10886,IN
3501,10887,AU
3502,10888,DE
3503,10889,NO
3504,10891,SE
3505,10892,DE
3506,10893,US
3507,10899,US
3508,10902,CA
3509,10909,FR
3510,10911,US
3511,10914,US
3512,10916,BD
3513,10919,IN
3514,10921,IR
3515,10922,GB
3516,10923,IN
3517,10927,RU
3518,10930,GR
3519,10935,MA
3520,10939,CA
3521,10943,US
3522,10944,RU
3523,10946,GB
3524,10954,CU
3525,10955,US
3526,10957,US
3527,10958,PH
3528,10959,IN
3529,10960,US
3530,10963,DE
3531,10974,US
3532,10979,US
3533,10980,FR
3534,10981,US
3535,10986,US
3536,10994,HK
3537,11000,IN
3538,11002,RU
3539,11003,FI
3540,11006,NG
3541,11007,US
3542,11008,DE
3543,11014,IN
3544,11016,FR
3545,11022,US
3546,11025,TW
3547,11028,US
3548,11035,IN
3549,11037,NL
3550,11038,CL
3551,11041,CO
3552,11042,US
3553,11045,RU
3554,11048,IL
3555,11050,CN
3556,11051,AT
3557,11054,LV
3558,11059,LT
3559,11060,AT
3560,11061,FR
3561,11063,US
3562,11068,US
3563,11077,FR
3564,11078,US
3565,11079,EG
3566,11080,US
3567,11085,US
3568,11087,US
3569,11092,MY
3570,11093,AU
3571,11094,GB
3572,11097,US
3573,11098,SE
3574,11099,DE
3575,11102,NL
3576,11106,US
3577,11109,IN
3578,11110,GB
3579,11117,IN
3580,11120,IN
3581,11124,MX
3582,11129,FR
3583,11136,MX
3584,11137,BR
3585,11138,HU
3586,11140,CA
3587,11142,RU
3588,11144,US
3589,11145,BE
3590,11152,IN
3591,11153,FR
3592,11154,US
3593,11162,NZ
3594,11163,IN
3595,11169,AE
3596,11174,BR
3597,11178,US
3598,11189,AU
3599,11190,IN
3600,11192,US
3601,11195,US
3602,11198,US
3603,11200,IN
3604,11201,LT
3605,11202,PH
3606,11208,CU
3607,11211,PK
3608,11212,CA
3609,11219,ES
3610,11220,CN
3611,11233,US
3612,11237,ES
3613,11237,PH
3614,11238,TR
3615,11239,MY
3616,11242,US
3617,11242,GB
3618,11242,ZA
3619,11246,BR
3620,11248,NZ
3621,11252,CN
3622,11253,BY
3623,11254,KH
3624,11255,GB
3625,11260,IN
3626,11261,IN
3627,11268,GB
3628,11278,GR
3629,11281,US
3630,11284,IN
3631,11285,US
3632,11285,GB
3633,11288,CA
3634,11291,US
3635,11292,SA
3636,11296,US
3637,11298,US
3638,11304,CZ
3639,11306,NL
3640,11307,LV
3641,11310,CA
3642,11312,NO
3643,11322,US
3644,11326,AU
3645,11328,PK
3646,11331,US
3647,11332,AU
3648,11333,US
3649,11334,CA
3650,12336,DE
3651,12339,US
3652,12341,DE
3653,12342,HK
3654,12343,GB
3655,12344,US
3656,12345,US
3657,12346,BR
3658,12347,GB
3659,12349,AZ
3660,12350,US
3661,12351,US
3662,12352,US
3663,12355,US
3664,12356,IN
3665,12360,IN
3666,12361,US
3667,12366,NZ
3668,12374,DE
3669,12375,DE
3670,12377,US
3671,12378,FR
3672,12381,IN
3673,12387,US
3674,12388,UA
3675,12390,PY
3676,12394,US
3677,12395,BE
3678,12396,KH
3679,12398,IN
3680,12404,US
3681,12404,GB
3682,12408,CA
3683,12411,US
3684,12412,US
3685,12414,UA
3686,12415,DE
3687,12417,CA
3688,12420,US
3689,12421,DK
3690,12427,CR
3691,12430,AU
3692,12431,GE
3693,12432,NG
3694,12434,IR
3695,12437,IN
3696,12440,IN
3697,12442,AF
3698,12444,US
3699,12450,AE
3700,12452,US
3701,12453,US
3702,12455,CU
3703,12457,US
3704,12461,EE
3705,12463,US
3706,12464,IN
3707,12466,ES
3708,12468,US
3709,12469,CA
3710,12469,US
3711,12471,DZ
3712,12474,US
3713,12475,IN
3714,12476,US
3715,12477,US
3716,12480,US
3717,12481,GT
3718,12483,AU
3719,12485,US
3720,12491,US
3721,12498,DE
3722,12502,RU
3723,12508,US
3724,12509,US
3725,12511,IT
3726,12513,US
3727,12515,US
3728,12517,AU
3729,12520,ES
3730,12525,US
3731,12534,US
3732,12536,AE
3733,12537,CH
3734,12539,IN
3735,12542,CA
3736,12544,BY
3737,12559,BR
3738,12560,PL
3739,12562,GB
3740,12565,RU
3741,12568,US
3742,12569,US
3743,12570,US
3744,12571,CH
3745,12572,CA
3746,12573,DE
3747,12576,US
3748,12577,US
3749,12580,DE
3750,12589,GB
3751,12589,US
3752,12590,TR
3753,12593,IN
3754,12594,IN
3755,12595,IN
3756,12599,US
3757,12603,US
3758,12604,IN
3759,12607,AR
3760,12612,PT
3761,12614,IN
3762,12615,CH
3763,12617,SE
3764,12618,FR
3765,12619,US
3766,12624,TR
3767,12625,IN
3768,12632,IN
3769,12633,IN
3770,12638,GB
3771,12643,IN
3772,12645,IN
3773,12649,IN
3774,12654,CA
3775,12660,FR
3776,12667,US
3777,12669,IN
3778,12672,JP
3779,12677,AU
3780,12680,PL
3781,12686,CA
3782,12688,GB
3783,12690,US
3784,12696,SK
3785,12700,IN
3786,12705,US
3787,12709,US
3788,12715,CO
3789,12718,GB
3790,12723,US
3791,12724,DE
3792,12730,US
3793,12740,DE
3794,12742,BR
3795,12748,DE
3796,12752,FR
3797,12754,AR
3798,12762,US
3799,12764,BR
3800,12765,IN
3801,12771,DE
3802,12772,US
3803,12778,US
3804,12779,PH
3805,12783,RU
3806,12786,US
3807,12790,US
3808,12794,SE
3809,12795,BR
3810,12796,US
3811,12799,IN
3812,12800,US
3813,12801,US
3814,12815,US
3815,12819,PK
3816,12821,US
3817,12823,IR
3818,12829,IN
3819,12832,FI
3820,12836,US
3821,12837,IN
3822,12839,DE
3823,12840,DE
3824,12846,IT
3825,12847,GB
3826,12848,CA
3827,12849,IN
3828,12852,US
3829,12854,IN
3830,12855,US
3831,12864,IN
3832,12866,US
3833,12868,TW
3834,12869,CH
3835,12871,PK
3836,12872,US
3837,12883,US
3838,12883,GB
3839,12884,US
3840,12887,US
3841,12888,US
3842,12890,BD
3843,12891,CA
3844,12892,FR
3845,12896,US
3846,12900,CN
3847,12904,US
3848,12906,AT
3849,12908,EE
3850,12909,US
3851,12911,BD
3852,12916,US
3853,12917,FR
3854,12918,NZ
3855,12920,IN
3856,12929,US
3857,12949,US
3858,12953,CN
3859,12956,NZ
3860,12958,UA
3861,12961,CR
3862,12962,US
3863,12963,PT
3864,12964,RU
3865,12965,PA
3866,12965,US
3867,12968,US
3868,12971,US
3869,12974,FR
3870,12976,CA
3871,12976,US
3872,12980,US
3873,12981,CA
3874,12987,IN
3875,12992,IT
3876,12993,BY
3877,12996,HK
3878,12999,GB
3879,13001,CA
3880,13005,AU
3881,13006,FR
3882,13008,DE
3883,13012,PH
3884,13015,FI
3885,13018,EG
3886,13019,US
3887,13023,VN
3888,13024,SI
3889,13028,DE
3890,13030,ES
3891,13036,DE
3892,13039,GB
3893,13040,KH
3894,13041,ES
3895,13044,GB
3896,13045,BH
3897,13046,US
3898,13050,IN
3899,13051,US
3900,13052,US
3901,13053,DE
3902,13054,PL
3903,13061,IN
3904,13064,DK
3905,13065,US
3906,13067,IN
3907,13070,IN
3908,13077,PK
3909,13080,US
3910,13082,CH
3911,13085,GB
3912,13086,RU
3913,13087,US
3914,13089,DE
3915,13093,DE
3916,13095,DE
3917,13100,GB
3918,13102,PK
3919,13103,CA
3920,13106,US
3921,13107,IE
3922,13109,AR
3923,13112,US
3924,13113,GB
3925,13114,BY
3926,13115,US
3927,13122,AU
3928,13124,US
3929,13126,RU
3930,13129,US
3931,13130,MY
3932,13131,AU
3933,13134,NP
3934,13138,BR
3935,13140,DE
3936,13141,US
3937,13142,JP
3938,13146,CZ
3939,13155,US
3940,13162,CH
3941,13166,US
3942,13170,IN
3943,13171,DE
3944,13174,DE
3945,13175,US
3946,13182,RU
3947,13183,CA
3948,13187,IN
3949,13188,AU
3950,13193,IN
3951,13197,US
3952,13207,CA
3953,13209,GB
3954,13217,BR
3955,13221,AU
3956,13223,SG
3957,13231,PT
3958,13232,GB
3959,13236,DE
3960,13242,AU
3961,13243,AU
3962,13244,US
3963,13248,US
3964,13251,BW
3965,13263,US
3966,13264,UA
3967,13266,IE
3968,13269,PH
3969,13274,CN
3970,13276,DK
3971,13277,IN
3972,13280,US
3973,13288,IL
3974,13289,HU
3975,13290,US
3976,13292,IN
3977,13293,ES
3978,13295,AR
3979,13299,US
3980,13302,TN
3981,13308,US
3982,13310,UA
3983,13317,MY
3984,13321,RU
3985,13329,ZA
3986,13330,CA
3987,13335,SE
3988,13336,US
3989,13343,IT
3990,13346,CH
3991,13346,US
3992,13349,US
3993,13355,US
3994,13359,US
3995,13361,CU
3996,13362,US
3997,13364,US
3998,13367,IN
3999,13368,US
4000,13377,PH
4001,13378,ZA
4002,13381,US
4003,13382,LK
4004,13385,US
4005,13389,IN
4006,13390,PT
4007,13394,DE
4008,13399,GB
4009,13400,DE
4010,13401,CH
4011,13402,GB
4012,13404,US
4013,13408,KH
4014,13410,NL
4015,13411,BE
4016,13414,HU
4017,13415,NL
4018,13421,IN
4019,13423,FR
4020,13426,KE
4021,13429,RU
4022,13430,MX
4023,13433,ID
4024,13438,BR
4025,13441,DE
4026,13461,US
4027,13462,IT
4028,13464,US
4029,13466,BR
4030,13468,ID
4031,13469,MX
4032,13470,US
4033,13471,IN
4034,13475,CA
4035,13485,IN
4036,13487,IR
4037,13488,US
4038,13490,US
4039,13492,US
4040,13493,US
4041,13498,BD
4042,13499,GB
4043,13501,ES
4044,13503,JP
4045,13507,US
4046,13513,HU
4047,13516,CA
4048,13518,RU
4049,13522,US
4050,13525,BR
4051,13528,JP
4052,13531,AU
4053,13536,US
4054,13543,US
4055,13544,RU
4056,13547,CA
4057,13551,US
4058,13555,PK
4059,13559,US
4060,13560,IN
4061,13563,BR
4062,13571,AT
4063,13574,IN
4064,13576,ID
4065,13582,US
4066,13582,GB
4067,13586,AU
4068,13588,PL
4069,13589,BR
4070,13592,RU
4071,13595,US
4072,13598,UA
4073,13599,IN
4074,13601,DE
4075,13603,US
4076,13604,US
4077,13607,GB
4078,13609,CA
4079,13615,CH
4080,13616,DE
4081,13620,US
4082,13620,BR
4083,13623,GR
4084,13626,US
4085,13630,MX
4086,13633,US
4087,13635,FR
4088,13636,US
4089,13639,US
4090,13652,PK
4091,13654,ES
4092,13654,VE
4093,13659,IN
4094,13668,US
4095,13671,UA
4096,13677,SE
4097,13678,IL
4098,13680,IT
4099,13683,IN
4100,13684,IT
4101,13688,US
4102,13692,US
4103,13695,GB
4104,13696,PT
4105,13703,US
4106,13705,IR
4107,13706,RU
4108,13710,US
4109,13717,AU
4110,13720,ES
4111,13722,BR
4112,13725,PK
4113,13730,US
4114,13732,US
4115,13736,HU
4116,13738,SK
4117,13739,CH
4118,13740,US
4119,13741,CA
4120,13742,US
4121,13746,PK
4122,13751,CU
4123,13752,US
4124,13757,IN
4125,13758,SE
4126,13762,US
4127,13763,GB
4128,13766,US
4129,13767,US
4130,13768,US
4131,13773,IN
4132,13778,TN
4133,13780,GB
4134,13783,GB
4135,13786,BE
4136,13791,US
4137,13793,US
4138,13794,BE
4139,13795,PT
4140,13796,US
4141,13798,US
4142,13799,US
4143,13800,BR
4144,13801,US
4145,13802,DE
4146,13803,PK
4147,13808,IN
4148,13813,GB
4149,13814,US
4150,13815,US
4151,13816,CA
4152,13817,US
4153,13819,DE
4154,13821,CA
4155,13823,US
4156,13826,ID
4157,13827,US
4158,13830,US
4159,13835,FR
4160,13837,US
4161,13838,US
4162,13839,NL
4163,13839,US
4164,13849,ZA
4165,13851,BY
4166,13854,US
4167,13863,SE
4168,13867,US
4169,13871,US
4170,13875,US
4171,13876,IT
4172,13879,BR
4173,13880,PK
4174,13881,GB
4175,13883,US
4176,13889,PT
4177,13891,DE
4178,13893,NP
4179,13896,PT
4180,13897,US
4181,13906,SE
4182,13907,MK
4183,13912,RO
4184,13917,CH
4185,13924,US
4186,13926,US
4187,13931,US
4188,13931,CA
4189,13938,TR
4190,13940,FR
4191,13943,IR
4192,13944,CA
4193,13946,US
4194,13950,CU
4195,13960,CZ
4196,13962,GB
4197,13968,NL
4198,13969,IN
4199,13971,US
4200,13972,CA
4201,13976,US
4202,13979,IE
4203,13980,US
4204,13982,US
4205,13987,US
4206,14006,US
4207,14008,US
4208,14010,HU
4209,14017,US
4210,14019,IT
4211,14025,CA
4212,14025,US
4213,14026,GB
4214,14027,CZ
4215,14030,US
4216,14034,US
4217,14036,JP
4218,14039,FR
4219,14041,GB
4220,14042,CA
4221,14044,US
4222,14045,IN
4223,14046,CA
4224,14048,DE
4225,14050,AU
4226,14051,MA
4227,14057,PT
4228,14059,IN
4229,14060,IT
4230,14067,CA
4231,14070,US
4232,14071,US
4233,14074,CN
4234,14077,SK
4235,14078,BE
4236,14080,GB
4237,14081,AU
4238,14082,US
4239,14089,US
4240,14095,FI
4241,14096,NO
4242,14097,BD
4243,14098,AT
4244,14102,GB
4245,14105,GB
4246,14105,CA
4247,14109,IT
4248,14112,CA
4249,14116,TH
4250,14117,DE
4251,14121,RU
4252,14125,US
4253,14133,US
4254,14137,US
4255,14146,US
4256,14149,GB
4257,14150,AZ
4258,14157,FR
4259,14158,US
4260,14159,SE
4261,14162,PH
4262,14172,IN
4263,14175,TR
4264,14182,DE
4265,14187,US
4266,14190,US
4267,14196,US
4268,14198,GB
4269,14199,IN
4270,14202,FR
4271,14204,JO
4272,14211,CN
4273,14212,PH
4274,14213,FR
4275,14215,PK
4276,14216,BR
4277,14218,NL
4278,14219,US
4279,14221,US
4280,14225,IN
4281,14228,IT
4282,14229,NL
4283,14231,US
4284,14236,AU
4285,14238,IR
4286,14242,US
4287,14244,IN
4288,14246,US
4289,14251,DE
4290,14252,IL
4291,14255,US
4292,14259,RU
4293,14263,GB
4294,14267,CR
4295,14269,DE
4296,14272,US
4297,14272,GB
4298,14275,FR
4299,14276,HR
4300,14284,US
4301,14290,AT
4302,14291,CH
4303,14297,BR
4304,14300,US
4305,14304,SK
4306,14315,US
4307,14318,MX
4308,14321,BG
4309,14322,US
4310,14323,NL
4311,14324,CA
4312,14327,IT
4313,14328,US
4314,14329,US
4315,14332,BG
4316,14336,BE
4317,14338,RO
4318,14339,UG
4319,14340,AU
4320,14343,IN
4321,14344,NL
4322,14347,US
4323,14348,IN
4324,14352,DE
4325,14356,IQ
4326,14359,RU
4327,14363,AU
4328,14364,US
4329,14365,IN
4330,14368,CH
4331,14369,IN
4332,14370,GB
4333,14375,US
4334,14376,RU
4335,14382,CZ
4336,14385,AU
4337,14389,US
4338,14390,US
4339,14392,BR
4340,14395,CA
4341,14396,CZ
4342,14400,GB
4343,14401,FR
4344,14402,SE
4345,14403,PH
4346,14404,CA
4347,14405,IN
4348,14407,IN
4349,14410,US
4350,14412,US
4351,14413,GB
4352,14414,US
4353,14419,ES
4354,14421,CA
4355,14422,TW
4356,14427,US
4357,14431,UA
4358,14435,US
4359,14441,PL
4360,14442,US
4361,14445,US
4362,14446,DE
4363,14449,IT
4364,14463,IN
4365,14466,SG
4366,14467,US
4367,14469,CZ
4368,14471,US
4369,14472,DE
4370,14474,US
4371,14477,PK
4372,14478,FR
4373,14481,HR
4374,14486,IN
4375,14487,SE
4376,14488,US
4377,14493,AU
4378,14494,CA
4379,14496,US
4380,14498,CA
4381,14499,IN
4382,14506,CH
4383,14507,US
4384,14510,US
4385,14510,GB
4386,14519,US
4387,14527,IN
4388,14529,GB
4389,14530,US
4390,14532,US
4391,14533,SK
4392,14535,IN
4393,14538,UA
4394,14539,MX
4395,14541,CH
4396,14544,IN
4397,14553,GB
4398,14562,US
4399,14566,CA
4400,14568,SA
4401,14570,PL
4402,14571,US
4403,14572,US
4404,14575,DE
4405,14576,DE
4406,14579,AT
4407,14585,SI
4408,14590,SD
4409,14591,FI
4410,14612,ZA
4411,14618,US
4412,14621,US
4413,14625,IN
4414,14629,CA
4415,14630,LV
4416,14635,FR
4417,14636,CA
4418,14639,IN
4419,14647,PH
4420,14650,ID
4421,14652,TR
4422,14657,IN
4423,14666,DE
4424,14669,BR
4425,14672,CH
4426,14678,US
4427,14681,NL
4428,14683,US
4429,14688,IN
4430,14690,DE
4431,14694,BE
4432,14701,HU
4433,14703,TW
4434,14707,LK
4435,14710,GE
4436,14713,US
4437,14717,US
4438,14718,IN
4439,14721,GB
4440,14722,US
4441,14724,US
4442,14730,US
4443,14733,IN
4444,14734,US
4445,14737,IN
4446,14739,DE
4447,14740,IT
4448,14741,BD
4449,14743,BR
4450,14745,NL
4451,14752,US
4452,14754,MO
4453,14760,US
4454,14762,SE
4455,14767,KZ
4456,14775,AU
4457,14776,US
4458,14778,GR
4459,14779,US
4460,14782,GB
4461,14784,DE
4462,14785,BE
4463,14789,IN
4464,14791,PL
4465,14799,NL
4466,14802,MY
4467,14805,IE
4468,14806,IN
4469,14807,GB
4470,14810,NO
4471,14814,CA
4472,14816,GB
4473,14818,DE
4474,14822,CH
4475,14832,PK
4476,14834,ID
4477,14836,US
4478,14838,RU
4479,14841,US
4480,14844,US
4481,14848,US
4482,14850,UA
4483,14852,IN
4484,14856,IN
4485,14858,US
4486,14866,KH
4487,14871,IN
4488,14879,GB
4489,14881,US
4490,14886,SE
4491,14892,US
4492,14894,AU
4493,14898,US
4494,14900,US
4495,14903,GB
4496,14904,CA
4497,14908,DE
4498,14917,NL
4499,14920,CA
4500,14924,IN
4501,14933,MX
4502,14941,US
4503,14943,IN
4504,14950,US
4505,14954,US
4506,14957,FI
4507,14960,BR
4508,14961,US
4509,14963,US
4510,14964,US
4511,14966,US
4512,14969,DE
4513,14974,NO
4514,14982,IE
4515,14984,US
4516,14985,US
4517,14987,ZA
4518,14990,TH
4519,14993,FI
4520,14995,GB
4521,14999,IN
4522,15001,RU
4523,15002,US
4524,15005,US
4525,15006,LB
4526,15009,US
4527,15011,IT
4528,15012,DE
4529,15015,CA
4530,15020,IN
4531,15023,DE
4532,15024,CA
4533,15025,DE
4534,15027,DE
4535,15029,GB
4536,15033,CA
4537,15034,FR
4538,15038,AT
4539,15039,IN
4540,15041,US
4541,15046,US
4542,15066,MY
4543,15073,AM
4544,15075,US
4545,15080,IE
4546,15081,NL
4547,15085,CA
4548,15086,AU
4549,15089,SK
4550,15090,KH
4551,15093,MX
4552,15094,BD
4553,15097,IN
4554,15102,PL
4555,15106,BR
4556,15107,CA
4557,15109,IN
4558,15110,US
4559,15114,US
4560,15119,GB
4561,15119,US
4562,15120,CN
4563,15125,US
4564,15127,AU
4565,15129,IN
4566,15131,DE
4567,15133,US
4568,15138,US
4569,15140,US
4570,15145,LV
4571,15146,PK
4572,15148,US
4573,15149,GB
4574,15150,US
4575,15154,HU
4576,15155,DE
4577,15158,KR
4578,15159,GB
4579,15169,SE
4580,15176,TR
4581,15178,BR
4582,15182,IN
4583,15183,GB
4584,15187,US
4585,15194,NL
4586,15196,US
4587,15197,US
4588,15198,RO
4589,15199,GB
4590,15204,VN
4591,15205,BD
4592,15216,IT
4593,15224,US
4594,15225,IN
4595,15226,CO
4596,15235,BE
4597,15238,US
4598,15240,PF
4599,15243,PL
4600,16251,HK
4601,16256,LK
4602,16260,US
4603,16261,FR
4604,16262,IN
4605,16262,PH
4606,16268,US
4607,16269,US
4608,16275,DE
4609,16276,IN
4610,16278,BR
4611,16280,IN
4612,16282,US
4613,16287,ES
4614,16288,US
4615,16290,RU
4616,16291,AR
4617,16292,AU
4618,16292,DE
4619,16293,US
4620,16298,PK
4621,16299,IN
4622,16300,IN
4623,16305,AU
4624,16306,SE
4625,16310,US
4626,16311,FR
4627,16314,IN
4628,16319,CA
4629,16324,BR
4630,16328,US
4631,16331,US
4632,16333,IN
4633,16335,DE
4634,16336,US
4635,16338,NL
4636,16340,DK
4637,16343,RS
4638,16349,GB
4639,16350,BD
4640,16357,US
4641,16364,US
4642,16365,VE
4643,16371,US
4644,16372,US
4645,16377,US
4646,16379,GB
4647,16380,NL
4648,16382,US
4649,16384,IR
4650,16385,US
4651,16387,BD
4652,16388,DE
4653,16393,BR
4654,16398,IN
4655,16399,BR
4656,16400,NO
4657,16405,LV
4658,16406,US
4659,16412,US
4660,16416,US
4661,16420,US
4662,16422,ES
4663,16423,US
4664,16424,PT
4665,16426,US
4666,16428,GB
4667,16429,US
4668,16430,AR
4669,16432,US
4670,16434,CZ
4671,16438,BR
4672,16443,AT
4673,16444,US
4674,16449,US
4675,16455,NZ
4676,16458,US
4677,16459,US
4678,16470,CA
4679,16473,LT
4680,16474,IN
4681,16477,IN
4682,16480,US
4683,16484,ZA
4684,16487,US
4685,16489,US
4686,16490,US
4687,16494,AU
4688,16502,DE
4689,16512,US
4690,16515,US
4691,16518,IN
4692,16520,PT
4693,16522,NL
4694,16527,US
4695,16528,US
4696,16537,ES
4697,16538,DE
4698,16543,VE
4699,16550,IN
4700,16551,US
4701,16553,IN
4702,16559,VE
4703,16560,NL
4704,16560,US
4705,16563,US
4706,16568,US
4707,16571,US
4708,16572,US
4709,16575,IN
4710,16585,US
4711,16592,ZA
4712,16593,US
4713,16595,US
4714,16600,EG
4715,16604,ID
4716,16607,CZ
4717,16608,PK
4718,16610,AU
4719,16613,CN
4720,16614,LK
4721,16617,GB
4722,16622,US
4723,16624,US
4724,16626,NL
4725,16630,AU
4726,16634,IN
4727,16635,BR
4728,16637,US
4729,16638,CA
4730,16640,US
4731,16641,US
4732,16643,UA
4733,16644,AT
4734,16650,RO
4735,16653,IT
4736,16655,GB
4737,16655,US
4738,16660,US
4739,16667,MX
4740,16671,BE
4741,16673,ES
4742,16678,US
4743,16679,US
4744,16681,GR
4745,16683,US
4746,16686,US
4747,16688,US
4748,16690,AU
4749,16691,IN
4750,16695,CZ
4751,16698,US
4752,16701,IN
4753,16703,VN
4754,16704,IN
4755,16706,US
4756,16709,US
4757,16710,US
4758,16714,US
4759,16717,US
4760,16719,US
4761,16720,AU
4762,16721,KR
4763,16729,US
4764,16734,AU
4765,16740,CA
4766,16750,DE
4767,16751,SK
4768,16757,SE
4769,16758,GE
4770,16760,US
4771,16761,GE
4772,16762,CA
4773,16766,US
4774,16774,FR
4775,16775,AU
4776,16776,FI
4777,16777,MX
4778,16778,IN
4779,16779,DE
4780,16780,US
4781,16782,US
4782,16785,PK
4783,16789,NL
4784,16794,NL
4785,16795,GB
4786,16796,IN
4787,16798,PL
4788,16807,FR
4789,16809,US
4790,16810,US
4791,16816,US
4792,16818,FR
4793,16822,US
4794,16824,CA
4795,16826,AU
4796,16834,US
4797,16835,US
4798,16837,US
4799,16838,NL
4800,16840,AU
4801,16844,GB
4802,16846,IN
4803,16847,FR
4804,16856,US
4805,16857,US
4806,16858,GB
4807,16860,NL
4808,16861,GB
4809,16865,BR
4810,16871,AU
4811,16872,IN
4812,16875,IN
4813,16877,IT
4814,16879,US
4815,16880,US
4816,16881,AU
4817,16886,IN
4818,16887,IN
4819,16893,US
4820,16894,US
4821,16897,GB
4822,16899,US
4823,16900,CZ
4824,16909,MG
4825,16912,PK
4826,16913,DE
4827,16922,IN
4828,16927,US
4829,16930,US
4830,16932,DE
4831,16933,LB
4832,16941,ZA
4833,16945,TR
4834,16946,US
4835,16949,US
4836,16954,SG
4837,16955,MY
4838,16962,DE
4839,16963,DE
4840,16969,GB
4841,16972,NZ
4842,16974,NL
4843,16981,US
4844,16983,US
4845,16985,UZ
4846,16986,US
4847,16988,US
4848,16990,RS
4849,16991,PL
4850,16993,PK
4851,16994,DE
4852,17002,IT
4853,17005,DE
4854,17006,AU
4855,17007,US
4856,17008,BR
4857,17009,RO
4858,17012,US
4859,17022,GB
4860,17024,ID
4861,17027,US
4862,17029,US
4863,17036,US
4864,17037,ES
4865,17038,IN
4866,17044,TW
4867,17055,GB
4868,17057,CZ
4869,17061,GB
4870,17062,DE
4871,17064,AR
4872,17065,US
4873,17072,US
4874,17075,US
4875,17076,RU
4876,17080,US
4877,17086,US
4878,17088,IL
4879,17102,IN
4880,17103,AU
4881,17105,US
4882,17107,IN
4883,17108,IR
4884,17109,SI
4885,17112,LT
4886,17113,US
4887,17115,GB
4888,17117,BR
4889,17118,US
4890,17119,US
4891,17122,FR
4892,17129,DE
4893,17134,CA
4894,17136,IN
4895,17140,DE
4896,17142,ES
4897,17146,US
4898,17150,ID
4899,17156,HR
4900,17158,ID
4901,17159,US
4902,17162,RU
4903,17163,EG
4904,17166,ES
4905,17168,CA
4906,17169,BR
4907,17173,FR
4908,17177,GB
4909,17181,RU
4910,17185,US
4911,17188,MY
4912,17190,IN
4913,17201,IT
4914,17202,DE
4915,17203,ID
4916,17208,RU
4917,17209,LV
4918,17210,US
4919,17212,AU
4920,17214,ZA
4921,17216,DE
4922,17222,CN
4923,17223,US
4924,17229,US
4925,17233,IN
4926,17234,US
4927,17241,US
4928,17243,CA
4929,17248,BY
4930,17252,GB
4931,17253,NO
4932,17255,PL
4933,17260,DE
4934,17265,HU
4935,17270,US
4936,17272,IN
4937,17276,FR
4938,17279,UA
4939,17281,US
4940,17283,IN
4941,17286,ES
4942,17291,US
4943,17294,JP
4944,17297,US
4945,17299,GB
4946,17309,IT
4947,17314,US
4948,17317,ID
4949,17320,NL
4950,17324,US
4951,17325,FR
4952,17327,US
4953,17332,VN
4954,17333,PL
4955,17338,BE
4956,17342,US
4957,17344,SE
4958,17345,IN
4959,17350,US
4960,17351,BR
4961,17353,US
4962,17354,FR
4963,17357,US
4964,17359,US
4965,17360,US
4966,17363,US
4967,17364,BR
4968,17365,PT
4969,17370,ZA
4970,17375,DE
4971,17377,US
4972,17380,US
4973,17382,ID
4974,17385,US
4975,17396,CA
4976,17399,NL
4977,17400,ID
4978,17402,BD
4979,17406,BD
4980,17407,BD
4981,17409,US
4982,17410,DE
4983,17412,BD
4984,17413,SE
4985,17414,IN
4986,17419,FR
4987,17421,US
4988,17429,AU
4989,17430,US
4990,17433,AU
4991,17434,US
4992,17436,DE
4993,17438,MY
4994,17439,US
4995,17445,FI
4996,17451,NG
4997,17453,SE
4998,17455,ID
4999,17459,US
5000,17462,US
5001,17464,US
5002,17473,DE
5003,17484,MX
5004,17486,PT
5005,17489,US
5006,17492,IN
5007,17493,US
5008,17495,ES
5009,17496,US
5010,17498,US
5011,17500,IN
5012,17501,SE
5013,17507,US
5014,17514,ID
5015,17520,AU
5016,17523,US
5017,17525,GB
5018,18529,US
5019,18530,PK
5020,18536,DE
5021,18539,US
5022,18540,IN
5023,18541,US
5024,18544,US
5025,18549,NZ
5026,18557,ZA
5027,18558,AU
5028,18559,IN
5029,18560,BD
5030,18561,NG
5031,18564,FR
5032,18565,RU
5033,18568,GB
5034,18571,FR
5035,18572,AU
5036,18573,BD
5037,18576,NL
5038,18580,IN
5039,18584,IN
5040,18591,US
5041,18597,FR
5042,18598,DE
5043,18599,JP
5044,18600,GR
5045,18604,DE
5046,18605,AU
5047,18606,SG
5048,18608,HU
5049,18608,GB
5050,18609,ID
5051,18613,US
5052,18616,US
5053,18617,NL
5054,18618,US
5055,18622,US
5056,18627,IN
5057,18630,US
5058,18640,IN
5059,18641,DK
5060,18642,IN
5061,18644,US
5062,18650,CA
5063,18651,CH
5064,18657,CA
5065,18661,GB
5066,18663,US
5067,18664,DE
5068,18675,GB
5069,18678,CA
5070,18682,US
5071,18687,IN
5072,18688,US
5073,18689,US
5074,18690,RU
5075,18694,IN
5076,18697,IN
5077,18698,NL
5078,18699,BR
5079,18700,TR
5080,18704,TR
5081,18705,MA
5082,18708,IN
5083,18709,US
5084,18715,GB
5085,18716,KH
5086,18717,IN
5087,18718,IT
5088,18719,IN
5089,18721,NL
5090,18723,CA
5091,18724,EG
5092,18725,US
5093,18727,US
5094,18733,IN
5095,18734,GB
5096,18736,US
5097,18737,US
5098,18739,GB
5099,18740,PT
5100,18747,DE
5101,18748,ES
5102,18750,FI
5103,18756,US
5104,18764,US
5105,18765,GB
5106,18767,CA
5107,18767,US
5108,18768,CA
5109,18769,GB
5110,18774,US
5111,18775,IN
5112,18776,EG
5113,18781,IN
5114,18782,US
5115,18785,CH
5116,18788,US
5117,18790,US
5118,18791,GR
5119,18796,US
5120,18801,AR
5121,18804,US
5122,18805,US
5123,18806,US
5124,18816,US
5125,18821,ID
5126,18828,IN
5127,18829,TR
5128,18830,UA
5129,18835,US
5130,18837,UA
5131,18841,CH
5132,18843,US
5133,18846,US
5134,18848,GB
5135,18849,GB
5136,18852,CL
5137,18855,IN
5138,18860,US
5139,18862,US
5140,18867,AU
5141,18870,GB
5142,18877,CA
5143,18891,GB
5144,18893,US
5145,18895,NL
5146,18897,IN
5147,18899,IN
5148,18901,US
5149,18902,US
5150,18904,US
5151,18908,ES
5152,18909,US
5153,18914,US
5154,18920,US
5155,18923,IN
5156,18925,IE
5157,18926,US
5158,18928,DE
5159,18932,GB
5160,18937,VN
5161,18938,VN
5162,18939,VN
5163,18941,US
5164,18946,US
5165,18950,RU
5166,18955,CA
5167,18957,US
5168,18965,IN
5169,18966,FI
5170,18967,US
5171,18969,FR
5172,18970,VN
5173,18971,VN
5174,18973,VN
5175,18974,VN
5176,18975,VN
5177,18980,CA
5178,18984,DE
5179,18989,US
5180,18995,GR
5181,18996,US
5182,19005,NL
5183,19026,IR
5184,19028,DE
5185,19030,GB
5186,19033,ID
5187,19033,CM
5188,19039,US
5189,19041,DE
5190,19042,IN
5191,19044,SE
5192,19045,IN
5193,19050,US
5194,19053,GB
5195,19056,DE
5196,19057,DE
5197,19059,PT
5198,19063,US
5199,19064,CA
5200,19070,CA
5201,19071,GB
5202,19073,IN
5203,19075,US
5204,19079,IN
5205,19081,US
5206,19083,NL
5207,19086,US
5208,19092,ID
5209,19094,IT
5210,19096,US
5211,19097,IN
5212,19099,US
5213,19106,BD
5214,19107,FR
5215,19108,MX
5216,19112,IN
5217,19113,TR
5218,19114,US
5219,19117,US
5220,19119,DE
5221,19133,NO
5222,19135,US
5223,19136,US
5224,19139,BD
5225,19140,UA
5226,19142,TN
5227,19145,US
5228,19146,IN
5229,19159,DE
5230,19160,GB
5231,19162,CA
5232,19163,US
5233,19166,DE
5234,19167,US
5235,19168,DE
5236,19173,EE
5237,19176,DE
5238,19177,US
5239,19181,US
5240,19183,AU
5241,19184,US
5242,19185,DE
5243,19186,CA
5244,19187,US
5245,19190,GB
5246,19192,CA
5247,19195,ZA
5248,19196,US
5249,19197,US
5250,19198,US
5251,19199,PT
5252,19200,US
5253,19206,US
5254,19209,BD
5255,19210,US
5256,19213,US
5257,19214,PT
5258,19216,IN
5259,19217,IN
5260,19220,FR
5261,19223,US
5262,19227,CH
5263,19229,AR
5264,19231,US
5265,19235,RO
5266,19240,NO
5267,19241,BE
5268,19243,BG
5269,19248,GB
5270,19253,TN
5271,19258,RO
5272,19260,US
5273,19265,NP
5274,19265,IN
5275,19270,TR
5276,19272,DE
5277,19273,KR
5278,19276,ES
5279,19278,US
5280,19280,US
5281,19281,US
5282,19283,UA
5283,19284,SE
5284,19286,US
5285,19290,NL
5286,19290,US
5287,19294,FR
5288,19295,US
5289,19296,IN
5290,19299,NL
5291,19301,BD
5292,19302,CA
5293,19310,US
5294,19311,US
5295,19312,IN
5296,19315,IN
5297,19323,US
5298,19325,CA
5299,19333,US
5300,19343,US
5301,19348,IN
5302,19350,US
5303,19352,US
5304,19357,PL
5305,19358,US
5306,19359,FR
5307,19360,FI
5308,19362,US
5309,19366,DE
5310,19378,SG
5311,19382,DE
5312,19383,US
5313,19384,ES
5314,19386,US
5315,19391,CA
5316,19392,IN
5317,19399,US
5318,19399,ZA
5319,19400,US
5320,19402,NL
5321,19402,US
5322,19403,US
5323,19405,US
5324,19408,US
5325,19412,FR
5326,19414,GB
5327,19417,PR
5328,19418,ID
5329,19419,BR
5330,19421,US
5331,19422,US
5332,19424,UA
5333,19426,BR
5334,19429,US
5335,19432,US
5336,19433,US
5337,19436,IN
5338,19440,GB
5339,19443,BR
5340,19445,US
5341,19457,AU
5342,19465,CA
5343,19490,FR
5344,19492,US
5345,19495,AT
5346,19502,JP
5347,19506,IN
5348,19521,GB
5349,19523,PL
5350,19526,CA
5351,19531,DE
5352,19532,US
5353,19541,CO
5354,19547,IN
5355,19551,US
5356,19553,IL
5357,19557,CA
5358,19561,DE
5359,19562,VN
5360,19564,CU
5361,19569,US
5362,19570,US
5363,19572,DE
5364,19573,US
5365,19574,ID
5366,19584,BG
5367,19591,US
5368,19593,HU
5369,19594,IN
5370,19595,US
5371,19596,IT
5372,19600,US
5373,19605,IR
5374,19607,BD
5375,19616,US
5376,19618,BD
5377,19625,US
5378,19626,IR
5379,19627,DE
5380,19629,EG
5381,19632,US
5382,19633,LK
5383,19634,DE
5384,19638,BE
5385,19639,KH
5386,19645,GR
5387,19650,DE
5388,19657,US
5389,19663,AE
5390,19666,US
5391,19669,SG
5392,19675,CA
5393,19676,DE
5394,19678,IT
5395,19681,BR
5396,19682,IT
5397,19698,IL
5398,19701,DE
5399,19703,GB
5400,19710,FR
5401,19711,US
5402,19718,US
5403,19720,US
5404,19726,US
5405,19728,NP
5406,19738,GB
5407,19740,BR
5408,19740,AR
5409,19743,ID
5410,19748,US
5411,19755,SK
5412,19758,GB
5413,19760,CA
5414,19761,CN
5415,19764,US
5416,19766,SE
5417,19770,KZ
5418,19772,ES
5419,19775,ZA
5420,19776,IT
5421,19778,BD
5422,19779,DE
5423,19783,IN
5424,19785,AU
5425,19787,CN
5426,19788,US
5427,19792,DE
5428,19794,GB
5429,19795,CA
5430,19796,US
5431,19798,GR
5432,19803,NP
5433,19805,IL
5434,19806,CZ
5435,19810,US
5436,19811,US
5437,19824,US
5438,19826,IN
5439,19830,RU
5440,19831,FR
5441,19835,US
5442,19840,AT
5443,19848,GB
5444,19850,SE
5445,19860,KH
5446,19861,IN
5447,19862,IN
5448,19864,NL
5449,19864,US
5450,19865,UA
5451,19866,US
5452,19868,UA
5453,19870,RO
5454,19872,IN
5455,19874,AU
5456,19877,RU
5457,19884,DE
5458,19885,US
5459,19887,MA
5460,19888,CN
5461,19890,DE
5462,19891,IN
5463,19892,FR
5464,19894,CA
5465,19896,US
5466,19898,ID
5467,19900,DK
5468,19901,DE
5469,19902,NL
5470,19907,CA
5471,19908,HU
5472,19909,US
5473,19914,CA
5474,19917,US
5475,19921,US
5476,19923,US
5477,19924,ES
5478,19925,US
5479,19926,FI
5480,19931,DE
5481,19933,US
5482,19939,CZ
5483,19946,GB
5484,19948,GB
5485,19950,US
5486,19953,BE
5487,19955,TR
5488,19963,BG
5489,19969,IT
5490,19970,AU
5491,19971,IT
5492,19976,DE
5493,19978,RO
5494,19983,US
5495,19987,US
5496,19989,SE
5497,19992,IR
5498,19996,US
5499,19997,ES
5500,19998,JM
5501,19998,GB
5502,20001,PL
5503,20010,CA
5504,20015,US
5505,20017,US
5506,20019,UA
5507,20020,US
5508,20022,US
5509,20023,US
5510,20023,CU
5511,20024,CA
5512,20025,CN
5513,20026,DE
5514,20028,IT
5515,20034,CA
5516,20038,IN
5517,20041,BR
5518,20044,SA
5519,20049,US
5520,20058,US
5521,20062,US
5522,20068,AU
5523,20074,AQ
5524,20078,US
5525,20083,IN
5526,20084,IN
5527,20086,US
5528,20087,US
5529,20092,US
5530,20093,RU
5531,20094,IN
5532,20098,CH
5533,20103,US
5534,20105,BE
5535,20106,US
5536,20113,CH
5537,20114,PL
5538,20117,US
5539,20120,ES
5540,20124,US
5541,20131,GB
5542,20132,DE
5543,20134,CA
5544,20135,US
5545,20136,US
5546,20137,PK
5547,20138,US
5548,20142,US
5549,20143,BD
5550,20144,IT
5551,20145,GB
5552,20146,DE
5553,20151,IT
5554,20153,MY
5555,20154,LV
5556,20160,US
5557,20165,CH
5558,20168,US
5559,20179,IN
5560,20181,US
5561,20185,IT
5562,20186,ID
5563,20195,DE
5564,20210,IN
5565,20211,IT
5566,20212,SE
5567,20213,PT
5568,20214,TR
5569,20218,GB
5570,20224,TH
5571,20227,JP
5572,20228,IN
5573,20229,US
5574,20230,US
5575,20238,US
5576,20240,IN
5577,20241,IN
5578,20242,IE
5579,20244,IN
5580,20248,RU
5581,20250,IL
5582,20251,IN
5583,20254,TH
